"order_id","product_id","variation_id","quantity"
18407,"1987","2005",1
18407,"1987","2506",2
18407,"1987","2507",2
18407,"1987","9999",3
18408,"6342","15537",2
18409,"16614","16615",1
18409,"1739","17057",1
18409,"9625","13172",1
18410,"17166","17199",2
18410,"17166","17200",2
18410,"17166","17203",2
18410,"17166","17204",1
18411,"1085","9999",5
18411,"1144","9999",1
18411,"15587","15589",1
18411,"1572","9999",6
18411,"2382","15878",4
18411,"2382","17136",2
18411,"2382","17138",3
18411,"3512","16068",3
18417,"16440","16444",1
18417,"16440","16726",1
18417,"16546","16548",1
18417,"2382","17138",1
18419,"16406","9999",3
18419,"17166","17201",1
18419,"17955","17956",1
18419,"605","15120",2
18420,"18165","18166",1
18420,"18165","18167",1
18420,"7860","9246",1
18420,"7860","9247",1
18420,"9625","9999",1
18423,"18281","18282",1
18423,"18281","18283",1
18423,"18281","18284",1
18423,"18281","18286",1
18423,"18281","18287",1
18423,"18281","18288",1
18423,"18281","18289",1
18425,"605","1050",1
18425,"605","1882",1
18429,"6854","7124",23
18430,"18281","18283",2
18430,"18281","18288",2
18430,"1946","15020",1
18432,"1085","9999",2
18433,"16440","16726",1
18433,"17955","17956",1
18435,"1739","17061",2
18436,"16934","9999",1
18439,"13654","9999",2
18440,"10496","10511",1
18440,"10496","10512",1
18440,"10496","10724",1
18440,"13654","16913",1
18440,"1749","18081",1
18440,"1749","18084",1
18440,"1749","18086",1
18440,"17551","17556",1
18440,"17551","17557",1
18440,"17551","17559",1
18440,"17551","17933",1
18440,"1946","14818",1
18440,"1946","15021",1
18440,"1946","1947",1
18440,"6342","15537",1
18440,"6342","16875",1
18440,"9581","10493",1
18440,"9581","13184",1
18440,"9581","9999",1
18441,"12399","12400",1
18441,"12399","12401",1
18441,"12399","12402",1
18441,"12399","12403",1
18444,"1069","9999",2
18444,"13312","9999",1
18444,"16406","9999",1
18444,"16756","16764",1
18446,"1946","14334",1
18446,"1946","2267",1
18447,"18165","18167",1
18447,"18165","18168",1
18450,"16440","9999",3
18451,"6854","7126",2
18453,"17303","17304",1
18453,"17303","17306",3
18454,"15805","15821",2
18454,"15805","15827",2
18454,"15805","15830",3
18454,"16440","9999",6
18455,"17551","17556",4
18458,"1144","9999",2
18459,"13654","16715",1
18459,"13654","17399",1
18459,"18281","18288",1
18461,"10496","10511",3
18461,"17551","17556",1
18461,"17955","17956",2
18461,"17955","17957",4
18461,"17955","18233",2
18461,"17955","18237",2
18461,"2382","2384",2
18463,"2577","6994",1
18464,"12984","17834",1
18465,"1987","2013",2
18466,"1739","15495",3
18466,"1739","16189",3
18466,"1739","6055",3
18467,"16614","16615",2
18467,"17848","18107",2
18467,"18199","18200",2
18467,"18199","18201",2
18469,"18281","18282",1
18469,"18281","18283",1
18469,"18281","18289",1
18470,"9357","16158",1
18471,"16546","16548",1
18471,"16546","16552",1
18471,"16546","16562",1
18471,"16546","9999",1
18471,"3680","9999",2
18472,"12369","12386",1
18472,"13790","13800",1
18472,"16306","16307",1
18472,"17032","18373",1
18472,"6342","15538",1
18472,"9357","16158",1
18473,"1749","18081",1
18474,"18165","18167",1
18475,"6854","7124",5
18476,"13654","9999",1
18476,"16234","9999",1
18476,"16440","17938",1
18476,"16934","9999",1
18476,"17151","9999",1
18476,"18281","18284",1
18476,"18281","18287",1
18476,"18281","18288",1
18476,"5605","5683",1
18476,"9625","13165",1
18478,"16546","16552",1
18478,"16546","16562",1
18479,"12399","12400",4
18479,"12399","12401",3
18479,"12399","12402",6
18479,"12399","12403",8
18479,"13654","9999",1
18479,"17551","17556",1
18479,"17551","17559",1
18479,"18165","18167",1
18479,"9367","15787",2
18481,"1085","9999",2
18481,"2382","15878",2
18482,"1739","15495",1
18482,"1739","16189",1
18482,"1739","6055",1
18483,"16614","16629",2
18483,"16614","16633",1
18483,"1739","12346",1
18483,"1739","17325",1
18483,"1739","2559",2
18483,"1739","3312",1
18483,"7709","16827",1
18484,"16440","9999",1
18484,"2382","2384",1
18485,"1946","14336",1
18485,"1946","14816",1
18485,"1946","15020",1
18486,"3115","7723",2
18488,"1946","15014",1
18490,"15805","15811",1
18490,"15805","15814",1
18490,"15805","15821",1
18490,"15805","15833",1
18490,"16234","9999",1
18490,"18165","18167",1
18490,"2563","9213",1
18490,"2563","9219",1
18490,"2563","9222",1
18490,"2563","9999",1
18490,"3115","16202",1
18490,"3115","7723",1
18490,"9357","16150",1
18490,"9367","15773",1
18490,"9367","15775",1
18490,"9367","17127",1
18490,"9367","9417",1
18491,"1144","1159",3
18491,"1144","1163",3
18492,"1946","15014",1
18492,"1946","1947",1
18493,"16614","16625",1
18493,"17848","18110",1
18494,"17088","9999",1
18494,"9824","9827",1
18494,"9824","9829",1
18494,"9824","9830",1
18496,"16614","16615",1
18496,"16614","16623",1
18499,"15805","15827",1
18499,"2563","9219",2
18499,"2563","9222",2
18499,"9841","9842",1
18499,"9841","9845",1
18499,"9841","9999",2
18501,"10496","10498",7
18502,"13904","13907",1
18502,"14007","14014",2
18502,"16047","9999",1
18502,"1946","15014",1
18502,"1946","18368",1
18502,"1946","3633",1
18502,"3512","3514",1
18502,"6342","15537",1
18503,"1144","1159",1
18504,"16614","16625",2
18504,"16614","16633",2
18504,"16614","16637",2
18504,"9625","13172",3
18505,"17166","17359",2
18506,"1946","15014",2
18507,"16934","9999",1
18507,"17151","9999",2
18507,"17848","18110",1
18507,"17848","18111",1
18508,"10496","10718",2
18508,"1085","9999",1
18508,"13654","16703",2
18508,"13654","17270",3
18508,"13654","17329",1
18508,"1572","9999",4
18508,"18165","18166",1
18508,"18165","18167",1
18508,"18281","18282",2
18508,"18281","18283",1
18508,"18281","18286",1
18508,"3512","16068",2
18508,"9824","9829",2
18511,"16306","16307",2
18513,"1739","17063",1
18513,"1739","2558",1
18514,"16934","9999",2
18515,"18165","18166",1
18515,"18165","18167",1
18515,"18165","18168",1
18515,"6854","7124",2
18516,"11180","12635",1
18516,"18199","18201",2
18516,"18354","18356",1
18516,"6342","15536",2
18520,"1058","9999",4
18521,"2382","15921",3
18521,"2382","2384",1
18522,"12399","12401",4
18522,"16756","16757",3
18524,"1739","15097",1
18524,"1739","18321",1
18525,"18165","18167",1
18525,"8165","17663",1
18526,"1946","15014",1
18527,"16234","9999",1
18527,"16756","16766",1
18527,"17032","18375",1
18527,"2382","15874",1
18527,"9357","17520",1
18528,"13654","16703",1
18528,"13654","16913",2
18528,"13654","17244",1
18528,"13654","17270",1
18528,"13654","17329",1
18528,"13654","9999",3
18528,"18281","18282",1
18528,"18281","18283",1
18528,"18281","18284",1
18528,"18281","18285",1
18528,"18281","18286",1
18528,"18281","18287",4
18528,"18281","18288",1
18528,"18281","18289",1
18528,"2382","15875",1
18528,"2382","15878",1
18528,"2382","15921",1
18528,"2382","17136",1
18528,"2382","18317",1
18528,"2382","2384",2
18529,"10496","10498",1
18529,"10855","13051",1
18529,"11180","12639",1
18529,"11180","13992",1
18529,"13790","13799",2
18529,"13904","13909",1
18529,"16440","17938",1
18529,"16440","9999",1
18529,"17303","17305",1
18529,"17848","18107",1
18529,"18165","18167",1
18529,"18165","18168",2
18529,"18281","18282",1
18529,"18281","18286",1
18529,"18281","18287",1
18529,"2698","14848",1
18529,"2698","14849",1
18529,"2698","18389",1
18529,"2698","2701",1
18529,"2698","2929",1
18529,"2698","3443",1
18529,"2698","9962",1
18529,"2698","9999",1
18529,"6342","15538",1
18529,"9226","9231",1
18529,"9357","16158",1
18529,"9357","17520",1
18529,"9367","15773",1
18529,"9367","15775",1
18529,"9367","17127",1
18529,"9367","9417",1
18530,"12984","15704",1
18530,"12984","17832",1
18530,"12984","17833",1
18530,"14587","14588",1
18530,"14587","14590",2
18530,"14587","14591",2
18530,"18165","18166",1
18530,"18165","18167",1
18530,"18281","18282",1
18530,"18281","18283",1
18530,"18281","18284",1
18530,"18281","18285",1
18530,"18281","18286",1
18531,"13654","16074",1
18531,"13654","17244",1
18531,"13654","17270",1
18532,"3680","9999",6
18533,"1085","9999",1
18533,"2382","15875",2
18533,"2382","17136",2
18533,"2382","2384",1
18534,"16614","16615",1
18535,"1946","3631",1
18536,"1946","15014",4
18537,"18165","18167",1
18537,"18165","18168",1
18538,"12680","12715",8
18539,"18281","18282",3
18540,"13654","9999",1
18540,"17166","17356",1
18540,"9841","9842",1
18540,"9841","9845",1
18541,"605","1046",1
18541,"605","11432",1
18541,"605","15120",1
18543,"1144","1159",3
18543,"1144","1163",5
18544,"13654","16715",1
18544,"13654","17270",1
18544,"16440","9999",2
18544,"16546","16562",1
18544,"16756","16762",3
18544,"16756","16766",1
18544,"605","11432",1
18544,"605","11433",1
18544,"605","9999",2
18545,"2382","15878",1
18545,"2382","18317",2
18545,"2382","2384",3
18546,"17151","9999",1
18546,"1946","3633",1
18547,"16614","16617",1
18547,"16614","16625",1
18547,"16614","16633",1
18547,"16614","16637",4
18548,"10060","10073",1
18548,"12984","17834",2
18548,"18199","18201",2
18549,"9367","15773",1
18549,"9367","15775",1
18549,"9367","9417",1
18550,"12369","12384",4
18550,"12369","12386",4
18550,"17032","18373",3
18551,"13654","16071",1
18551,"13654","16074",1
18551,"13654","16715",2
18551,"13654","16913",1
18551,"13654","17244",1
18551,"13654","17270",1
18551,"13654","18331",1
18551,"13654","9999",1
18551,"15805","15815",2
18551,"15805","15831",1
18551,"16234","9999",1
18551,"1946","14336",1
18551,"1946","2267",1
18551,"9625","9999",1
18554,"16546","9999",1
18554,"605","1885",1
18555,"1987","2008",9
18555,"1987","2009",10
18555,"1987","2014",10
18555,"1987","2017",9
18555,"1987","3083",10
18556,"9841","9842",3
18556,"9841","9845",3
18557,"2382","2384",1
18580,"16756","16760",2
18580,"16756","16764",2
18580,"16756","16768",2
18582,"13654","17244",1
18582,"13654","17275",1
18582,"13654","17329",1
18582,"13654","18333",1
18582,"13654","18566",2
18582,"15805","15811",1
18582,"15805","15815",2
18582,"15805","15831",1
18582,"18165","18166",1
18582,"7860","9249",1
18582,"9841","9842",2
18602,"9367","15773",1
18602,"9367","15775",1
18602,"9367","9417",1
18604,"7709","7710",1
18605,"12984","15701",1
18605,"17955","17956",1
18610,"2382","15875",1
18610,"2382","18317",1
18611,"16614","16617",1
18611,"16614","16623",1
18611,"16614","16625",1
18611,"16614","16631",1
18611,"16756","16757",1
18611,"16756","16762",1
18611,"16756","16764",1
18612,"1739","12989",1
18612,"1739","15487",1
18612,"1739","2245",1
18612,"1739","2524",1
18612,"1739","2558",1
18612,"1739","6050",1
18613,"15805","15822",1
18613,"17303","17304",3
18623,"10078","18075",3
18623,"16287","16288",3
18624,"1946","1947",3
18626,"14587","14588",1
18626,"14587","14589",1
18626,"16756","16764",1
18626,"17032","18375",1
18626,"17848","18110",1
18626,"17955","17956",1
18626,"2382","15921",1
18627,"16546","9999",1
18633,"16234","9999",2
18633,"16999","17004",1
18633,"3115","16202",1
18638,"2698","17886",2
18638,"2698","2929",1
18639,"15530","18038",2
18639,"18281","18287",1
18640,"13654","18566",2
18641,"1058","3382",3
18641,"1058","9999",12
18641,"1069","1073",3
18641,"1069","9999",3
18642,"9357","16150",4
18642,"9357","16158",4
18643,"13654","16074",1
18643,"13654","17275",1
18643,"13654","18331",1
18643,"13654","18566",2
18654,"10060","10061",2
18654,"1058","9999",5
18654,"6854","7124",1
18658,"16406","9999",3
18659,"13654","17244",1
18659,"13654","18568",1
18659,"13904","13905",1
18659,"13904","17428",1
18660,"1085","9999",2
18660,"10855","13051",2
18660,"10855","14306",2
18660,"12399","12400",3
18660,"12399","12401",4
18660,"12399","12402",3
18660,"17955","17956",1
18660,"17955","17957",2
18660,"17955","18233",1
18660,"17955","18563",2
18660,"2382","15875",2
18660,"9850","14863",3
18663,"1749","18081",1
18663,"1749","18083",1
18664,"13654","16913",1
18664,"13654","17244",1
18664,"13654","17270",1
18664,"13904","17428",1
18665,"2563","9200",1
18665,"2563","9999",1
18666,"10060","10073",2
18668,"1739","15097",1
18668,"17551","17554",2
18683,"17032","18373",1
18683,"1946","15021",1
18683,"1946","3633",1
18684,"13654","16071",1
18684,"13654","16913",1
18684,"13654","17244",1
18684,"13654","17399",1
18684,"13654","18329",1
18684,"13654","18333",1
18685,"13904","17428",1
18686,"12399","12401",2
18686,"13654","16074",2
18686,"13654","18331",1
18686,"15805","15812",2
18686,"16234","9999",3
18686,"1739","12988",1
18686,"1739","15495",1
18686,"1739","2249",1
18686,"1739","2526",1
18686,"1739","8620",1
18686,"3115","7723",1
18686,"9841","9842",1
18686,"9841","9845",1
18696,"15805","15811",1
18696,"15805","15812",1
18697,"13654","18566",2
18783,"1058","18657",1
18784,"1058","18657",1
18872,"1144","1158",1
18982,"2563","9213",2
18982,"2563","9215",1
18982,"2563","9217",2
18982,"2563","9219",2
18983,"1946","17534",1
18988,"1749","18082",1
18988,"1946","1947",1
18991,"16546","16562",1
18991,"2698","9999",1
18991,"6854","7124",1
18991,"9367","17127",1
18992,"12369","12384",2
18993,"17151","9999",2
18994,"13904","13909",2
18996,"13790","13797",1
18996,"17955","17957",1
18996,"17955","18563",1
18998,"18963","18964",1
18998,"18963","18967",2
18998,"18963","18968",2
18998,"18970","18974",2
18998,"2382","15878",2
18998,"2382","15921",2
18998,"9850","15022",2
18998,"9850","15526",2
19026,"1946","14336",1
19026,"1946","2267",1
19026,"2577","6994",1
19037,"12369","12384",2
19037,"17032","18375",2
19037,"1946","15020",6
19037,"1946","15021",2
19038,"1739","15487",1
19038,"1739","2532",1
19038,"1739","6050",1
19039,"1946","15020",1
19039,"1946","1947",2
19040,"1946","15020",1
19040,"1946","1947",2
19041,"16234","18816",1
19041,"18354","18355",1
19041,"18354","18356",1
19041,"2563","9218",2
19041,"8165","17663",1
19041,"8165","17664",1
19041,"8165","17667",1
19042,"16756","16766",2
19057,"13790","13797",1
19057,"15587","15593",1
19057,"16756","16757",1
19057,"16756","16764",1
19057,"2563","9216",1
19057,"2563","9217",1
19057,"9581","9999",1
19058,"16546","9999",2
19058,"18970","18971",3
19058,"2382","15921",2
19058,"6854","7126",2
19059,"1572","1580",1
19059,"1572","2520",1
19061,"15558","16664",2
19061,"3680","9999",4
19066,"10060","9999",1
19066,"17848","18107",1
19067,"1058","3382",3
19067,"15530","18044",1
19067,"16246","16252",1
19067,"1987","11442",1
19067,"3512","6901",1
19069,"11180","12639",1
19069,"2577","6994",1
19069,"9850","14863",1
19127,"17848","18950",2
19128,"10496","10718",1
19128,"10496","10726",1
19128,"10496","10727",1
19128,"1739","3312",1
19128,"2698","18389",2
19128,"2698","18391",2
19129,"1058","3382",12
19130,"13654","18191",1
19130,"1946","15020",2
19132,"10496","10510",1
19132,"11180","11185",1
19132,"11180","12635",1
19132,"11180","13992",1
19132,"12399","12401",1
19132,"12399","12402",1
19132,"13744","13745",1
19132,"13790","13793",1
19132,"13790","13800",1
19132,"15558","15580",1
19132,"15587","15593",2
19132,"16234","18816",1
19132,"16999","17004",1
19132,"17151","19056",1
19132,"18165","18166",1
19132,"18165","18167",1
19132,"18165","18168",1
19132,"2563","9222",1
19132,"3512","16068",1
19132,"9226","9231",1
19132,"9841","9842",1
19133,"10496","10510",2
19133,"10496","10511",1
19133,"10855","14805",1
19133,"12399","12401",1
19133,"13654","17244",1
19133,"13654","17399",1
19133,"13654","18329",1
19133,"13790","13795",1
19133,"16440","16442",1
19134,"13654","17270",1
19134,"13654","17275",1
19134,"13654","17329",1
19134,"13654","18191",1
19134,"13654","18567",1
19134,"13654","19016",1
19135,"1987","2005",1
19135,"1987","2018",1
19135,"1987","3082",1
19135,"9226","9232",2
19136,"17702","17708",2
19136,"18281","18287",1
19137,"7709","7710",1
19206,"1946","2267",1
19222,"1144","1158",1
19225,"10285","10862",1
19225,"10285","10863",1
19225,"13654","18566",1
19225,"13654","19016",1
19225,"13904","13907",1
19225,"13904","17428",1
19226,"10496","10510",2
19226,"10496","10511",1
19226,"10496","10727",1
19226,"10855","14805",1
19226,"16756","16760",2
19226,"16756","16762",1
19226,"16756","16768",1
19227,"1085","1101",6
19228,"1085","1101",6
19230,"10285","10862",1
19230,"10285","10863",1
19230,"13654","18566",1
19230,"13654","19016",1
19230,"13904","13907",1
19230,"13904","17428",1
19235,"19175","19176",1
19235,"19175","19177",1
19235,"19175","19180",1
19236,"19175","19176",1
19236,"19175","19177",1
19236,"19175","19178",1
19236,"19175","19179",1
19236,"19175","19180",1
19238,"15032","18592",1
19239,"1058","18657",4
19239,"2382","17138",2
19242,"10078","18075",2
19242,"11161","11162",5
19242,"16999","17004",2
19242,"6854","7124",4
19242,"8165","17662",2
19243,"15530","18044",1
19243,"16614","16615",1
19243,"1987","2016",1
19244,"13654","17244",1
19244,"1572","1577",1
19244,"16440","17938",1
19244,"18963","18969",1
19244,"18970","18973",1
19244,"19043","19048",1
19245,"1069","1071",1
19245,"1085","1091",1
19245,"1085","2517",1
19245,"1572","1574",1
19245,"16546","16548",1
19245,"18963","18964",1
19245,"19043","19045",1
19246,"1987","2010",1
19246,"1987","2011",1
19246,"1987","2016",1
19246,"1987","2506",2
19247,"2563","9200",1
19247,"3512","9999",1
19247,"9581","9613",1
19248,"13654","16703",1
19248,"13654","17270",1
19248,"13654","18331",1
19248,"13654","18333",1
19248,"13654","18566",1
19248,"13654","19015",1
19248,"13654","19023",1
19249,"1946","18368",2
19249,"1946","3633",3
19251,"1749","18082",2
19251,"19175","19176",1
19251,"19175","19180",1
19252,"1749","18084",1
19252,"2260","6737",1
19252,"3512","16068",2
19252,"9581","9613",1
19252,"9850","15526",1
19259,"18199","18200",2
19260,"17151","19055",2
19261,"18165","18166",4
19261,"18165","18167",4
19262,"18281","18282",1
19262,"18281","18284",1
19262,"18281","18285",1
19262,"18281","18286",1
19262,"18281","18287",1
19262,"18281","18288",1
19262,"18281","18289",1
19262,"18281","19027",1
19263,"1085","1384",2
19264,"15805","15824",2
19264,"18165","18168",2
19264,"19043","19048",2
19265,"11180","12639",1
19265,"3115","16202",1
19265,"6854","7124",1
19265,"9226","9231",1
19265,"9367","9417",1
19266,"12369","12384",2
19267,"18281","19031",2
19270,"12399","12401",1
19270,"16495","16502",3
19270,"18952","18953",1
19270,"3115","7723",2
19270,"3512","16068",1
19270,"3512","9999",1
19270,"6854","7124",1
19270,"6854","7126",2
19271,"16934","9999",5
19272,"16047","9999",1
19272,"18281","18282",1
19272,"18281","18289",1
19272,"18963","18966",1
19272,"2382","18317",1
19273,"1946","3633",2
19274,"1144","1165",4
19275,"17151","19056",1
19275,"1739","2524",3
19289,"19175","19176",1
19290,"17702","17713",1
19290,"17702","17714",1
19290,"17702","17715",1
19290,"17702","17716",1
19290,"17702","17717",1
19291,"16614","16621",1
19291,"16614","16625",1
19291,"6854","7124",1
19292,"12680","12717",3
19292,"12680","12718",3
19292,"12680","12719",3
19292,"12680","12720",3
19292,"13790","13802",4
19292,"3512","16068",2
19294,"2260","16330",1
19294,"2260","6735",1
19294,"2260","6736",1
19294,"2260","6737",1
19303,"1791","1792",2
19304,"11161","11162",1
19304,"18165","18168",1
19313,"19107","19108",1
19313,"19107","19113",1
19313,"19107","19115",1
19313,"6854","7124",2
19314,"6854","7124",1
19314,"6854","7126",1
19315,"6854","7124",1
19315,"6854","7126",1
19316,"6854","7124",2
19317,"16406","9999",1
19317,"18963","18967",1
19317,"1987","11442",1
19317,"1987","2011",3
19317,"1987","2012",2
19317,"1987","3082",2
19318,"6854","7126",3
19319,"6854","7124",4
19320,"12357","17799",1
19320,"13312","9999",1
19320,"18952","18954",1
19320,"6854","7126",1
19321,"6854","7124",1
19322,"13654","18568",1
19322,"13654","19016",1
19323,"10060","10073",3
19323,"10060","9999",1
19324,"17303","17305",1
19324,"19043","19047",1
19325,"1144","1165",1
19325,"1144","1166",1
19326,"18199","18201",1
19326,"9367","17127",1
19333,"13654","16074",1
19333,"13654","17270",1
19333,"13654","17329",2
19334,"12369","12384",1
19379,"1946","3633",1
19380,"17848","18950",2
19381,"15805","15827",1
19382,"15805","15814",1
19382,"1739","15487",2
19382,"1739","16191",2
19382,"1739","16925",2
19382,"18977","18979",1
19382,"18977","9999",1
19384,"1739","2245",3
19386,"12399","12401",1
19386,"2382","15878",1
19387,"12399","12401",1
19387,"13790","13793",1
19387,"13790","13797",1
19387,"18970","18973",1
19387,"19099","19102",1
19387,"2382","15875",1
19387,"2382","15878",1
19387,"2382","15921",1
19387,"2382","2384",1
19387,"9824","9829",1
19388,"12984","15701",2
19388,"12984","15704",2
19388,"12984","17831",2
19388,"12984","17833",3
19388,"12984","17834",2
19388,"12984","17944",2
19390,"10496","10498",2
19390,"10496","10510",1
19390,"10496","10512",1
19392,"10078","18075",2
19392,"10078","18190",1
19392,"13790","13797",3
19392,"16440","16442",1
19392,"16614","16623",1
19392,"16614","16627",1
19392,"18952","18953",1
19392,"18952","18954",1
19392,"18952","18955",1
19392,"6854","7124",1
19393,"1739","12346",12
19393,"1739","12989",2
19393,"1739","15097",1
19393,"1739","15487",11
19393,"1739","16191",1
19393,"1739","17057",11
19393,"1739","17063",5
19393,"1739","17259",12
19393,"1739","17325",6
19393,"1739","2249",7
19393,"1739","2524",2
19393,"1739","2526",1
19393,"1739","2527",4
19393,"1739","2530",2
19393,"1739","2558",12
19393,"1739","3312",2
19393,"1739","3414",1
19393,"1739","6050",1
19393,"1739","6055",1
19393,"9841","9842",5
19403,"2382","15921",1
19403,"2382","18317",1
19404,"605","1882",5
19405,"16756","16762",1
19405,"16756","16764",1
19406,"13654","17244",1
19406,"15805","15833",1
19407,"18963","18966",1
19408,"16406","9999",2
19409,"10855","13051",1
19409,"10855","14306",1
19409,"13654","16703",1
19409,"13654","17275",1
19409,"13790","13797",1
19409,"16756","16768",1
19409,"17032","18374",1
19409,"17032","18375",1
19409,"1749","18085",1
19409,"1749","18086",1
19409,"17848","18106",1
19409,"17848","18107",1
19409,"17848","19362",1
19409,"17955","18233",1
19409,"17955","18563",1
19409,"18970","18971",1
19409,"19175","19176",1
19409,"19175","19177",1
19409,"19175","19178",1
19409,"19175","19180",1
19409,"2260","6734",1
19409,"2260","6735",1
19410,"18977","18979",1
19410,"19043","19048",2
19412,"9625","13172",3
19413,"10078","18190",2
19413,"13312","9999",3
19413,"19107","19110",3
19449,"17848","18107",1
19449,"1946","3633",1
19450,"1144","19219",2
19451,"13654","16071",1
19451,"18281","19031",1
19458,"11161","11162",1
19458,"11161","19367",1
19458,"16047","9999",1
19458,"16440","16442",1
19458,"16546","16548",1
19458,"16546","16552",1
19458,"6854","7126",2
19459,"16546","9999",1
19460,"10060","10061",2
19460,"2382","15875",3
19460,"6854","7124",1
19461,"16047","9999",1
19461,"16440","19446",1
19461,"19207","9999",2
19461,"3680","9999",1
19461,"6342","15537",1
19462,"1946","15021",1
19462,"2563","9200",1
19462,"2563","9216",1
19462,"2563","9217",1
19462,"2563","9219",1
19462,"3680","9999",2
19463,"16546","16548",1
19463,"16546","16552",1
19465,"18970","18973",2
19466,"1791","1792",6
19466,"1791","1793",5
19467,"12984","17831",1
19469,"10060","9999",1
19469,"6854","7124",2
19470,"17702","17708",2
19470,"17702","17709",2
19471,"13654","17399",1
19471,"16546","16548",1
19471,"16546","16554",1
19472,"16546","16552",1
19472,"16546","16554",1
19472,"16546","16556",1
19472,"16546","16562",1
19473,"16440","16448",1
19473,"16440","16726",1
19474,"19107","19111",4
19476,"1791","1792",1
19476,"1791","1793",1
19476,"19207","9999",2
19476,"2586","18004",1
19476,"7709","7711",1
19477,"18281","18287",1
19478,"17166","17204",1
19478,"17166","17359",1
19479,"1069","1071",2
19479,"16546","16548",1
19554,"19175","19176",1
19554,"19175","19178",1
19557,"1749","18081",1
19557,"19175","19177",1
19557,"1946","14816",1
19557,"1946","14818",1
19557,"1946","15021",1
19557,"1946","1947",1
19557,"1946","2267",1
19558,"15805","15824",1
19558,"15805","15833",1
19587,"19107","19113",2
19588,"11180","11185",1
19588,"11180","12634",1
19588,"1749","18081",1
19589,"1739","17259",1
19589,"1739","2532",1
19589,"1739","2559",1
19589,"1749","18083",2
19589,"1749","18084",1
19589,"1749","18085",1
19589,"1749","18086",1
19589,"7709","7710",1
19589,"7709","7711",1
19590,"2698","17886",1
19590,"2698","18389",1
19590,"2698","18391",1
19602,"18165","18168",4
19615,"13654","18567",1
19615,"16047","9999",1
19615,"16756","16768",1
19615,"17702","17709",1
19615,"17702","17710",1
19615,"17702","17711",1
19615,"17702","17712",1
19615,"19043","19044",1
19615,"19043","19045",1
19615,"6854","7124",1
19617,"1987","2006",1
19617,"1987","2013",1
19617,"605","1883",1
19618,"1987","2005",1
19619,"1987","2005",1
19624,"14587","14589",5
19624,"2382","2384",1
19625,"15530","18042",1
19625,"16614","19278",1
19625,"18952","18953",1
19627,"13654","16074",1
19627,"13654","16703",1
19627,"17702","17708",1
19631,"16934","9999",1
19631,"18281","18287",1
19632,"1739","2558",1
19632,"1739","6050",1
19633,"10060","10061",1
19633,"2382","15875",1
19633,"2382","15878",1
19633,"2382","15921",1
19633,"2382","17136",1
19633,"2382","17138",1
19633,"2382","18317",1
19633,"2382","2384",1
19726,"18281","18282",2
19726,"18281","18284",1
19726,"18281","18289",1
19726,"18281","18561",1
19726,"18281","19029",1
19726,"18281","19031",1
19727,"18281","18282",1
19727,"18281","18289",1
19728,"18281","18282",1
19728,"18281","19027",1
19729,"10496","10510",1
19729,"10496","10718",1
19729,"11180","13992",1
19729,"2698","14849",1
19729,"2698","2701",1
19729,"3680","9999",3
19762,"1749","18081",1
19762,"1749","18085",1
19763,"13654","17399",3
19763,"13654","19015",3
19764,"11180","13994",2
19764,"18199","18201",1
19767,"12357","12363",1
19767,"17410","17413",1
19767,"19107","19113",1
19768,"1739","12346",6
19768,"1739","17063",6
19768,"1739","17325",6
19768,"1739","17408",3
19768,"1739","2530",3
19768,"1739","2558",6
19768,"1739","6050",6
19809,"19107","19108",1
19809,"19107","19115",1
19810,"1739","12346",4
19810,"1739","12989",3
19810,"1739","17063",2
19810,"1739","17408",2
19810,"1739","2530",2
19810,"1739","2558",2
19811,"1946","15021",1
19811,"1946","1947",1
19812,"1987","11442",2
19812,"1987","2008",1
19812,"1987","2009",1
19813,"18199","18201",2
19813,"18977","19487",1
19813,"18977","19488",1
19813,"2698","14848",2
19813,"7709","16834",1
19813,"7709","7710",1
19814,"11161","11162",2
19814,"11161","12660",2
19814,"11161","19367",2
19814,"11161","19654",2
19814,"11161","19655",2
19814,"17303","17304",1
19814,"18199","18201",3
19814,"19708","19711",3
19815,"15032","19210",20
19815,"16546","16552",6
19815,"16546","19634",6
19816,"15032","18591",3
19816,"16546","16554",8
19818,"11161","11162",1
19818,"11161","11163",1
19818,"11161","12660",1
19818,"11161","19367",1
19818,"11161","19655",1
19819,"2698","12616",1
19819,"2698","18389",1
19819,"2698","18391",1
19819,"2698","2700",1
19819,"6342","15537",1
19819,"6342","15538",1
19819,"6342","16873",1
19820,"11161","12660",1
19820,"11161","12661",1
19820,"11161","12676",1
19820,"11161","19367",1
19820,"1749","18081",1
19820,"1749","18082",1
19820,"1749","18085",1
19820,"1749","18086",1
19820,"18281","18282",1
19820,"18281","18287",1
19820,"18281","19027",1
19821,"16440","16448",1
19821,"16440","17938",1
19821,"16440","19445",1
19821,"16440","19692",1
19821,"16440","19693",1
19822,"16047","9999",1
19822,"19708","19710",1
19822,"2382","15921",1
19823,"19107","19113",1
19824,"13312","19591",1
19824,"17955","19607",2
19824,"18952","18954",1
19824,"2577","5179",3
19824,"2577","6994",1
19825,"16614","16619",1
19825,"16614","16621",1
19825,"16614","16623",1
19825,"16614","16627",1
19825,"16614","16629",1
19825,"16614","16631",1
19825,"16614","18687",1
19825,"16614","18688",1
19825,"16614","18689",1
19825,"16614","19253",1
19825,"16614","19276",1
19825,"16614","19277",1
19825,"16614","19347",1
19825,"16614","19348",1
19826,"16440","16444",1
19826,"16440","16726",1
19826,"16440","19692",1
19826,"16546","16548",1
19826,"16546","16562",1
19827,"11161","12660",1
19827,"11161","19366",1
19827,"11161","19367",1
19827,"11161","19654",1
19827,"11161","19655",1
19827,"18952","18954",1
19828,"16406","19580",1
19828,"16440","17938",2
19828,"19708","19709",3
19828,"19708","19711",1
19828,"19708","19713",1
19830,"17166","17198",1
19830,"17166","17199",2
19830,"17166","17200",1
19830,"17166","17202",1
19830,"17166","17204",1
19830,"17166","17355",1
19830,"17166","17360",1
19830,"1791","1792",3
19830,"2586","18004",2
19831,"1946","2267",2
19832,"1085","1089",2
19833,"2698","17886",1
19834,"16287","16290",2
19834,"18199","18200",1
19836,"15032","19210",9
19838,"18354","18355",1
19838,"18354","18356",1
19838,"18952","18953",1
19838,"18952","18954",2
19839,"18963","18967",3
19840,"1739","2558",9
19841,"12357","12365",1
19841,"17088","9999",1
19841,"17551","17558",1
19841,"9357","17520",3
19841,"9581","10493",1
19842,"1987","2013",1
19842,"1987","2507",1
19843,"11161","19367",1
19843,"1749","18081",1
19843,"1749","18083",1
19843,"1946","3631",2
19844,"16934","9999",1
19844,"17848","18106",1
19844,"17848","18111",1
19844,"18199","18201",1
19845,"1987","2005",1
19845,"1987","2012",1
19845,"1987","3082",1
19885,"1085","1090",4
19885,"1085","1092",4
19885,"1085","1101",4
19885,"1085","1103",4
19885,"1085","1383",4
19885,"1085","1384",4
19885,"1085","18986",4
19885,"1085","2517",4
19886,"18963","18969",3
19886,"19107","19111",1
19887,"1987","2005",5
19887,"605","1051",3
19888,"17088","9999",1
19888,"17551","18164",1
19890,"13654","18568",1
19890,"16440","16448",1
19890,"18281","18288",1
19899,"2382","19788",2
19899,"2382","19791",2
19899,"2382","19792",2
19900,"17702","17710",1
19900,"17702","17711",1
19900,"17702","19895",2
19900,"18977","19481",1
19901,"16934","9999",1
19902,"11180","12634",2
19902,"18199","18201",1
19903,"1085","1091",1
19903,"1085","2517",1
19904,"1946","14336",1
19904,"1946","1947",2
19907,"17955","17956",2
19907,"17955","19607",2
19907,"17955","19608",2
19907,"2382","15875",2
19907,"2382","19792",2
19908,"18963","18964",1
19908,"18963","18965",2
19908,"18963","18966",1
19908,"18963","18968",2
19916,"13654","16071",1
19916,"13654","16703",1
19916,"13654","16715",1
19916,"13654","17270",1
19916,"13654","17399",1
19916,"13654","18329",1
19916,"13654","18333",1
19916,"18281","19030",1
19929,"16934","9999",4
19930,"1946","3631",1
19933,"19107","19110",1
19935,"2586","18004",1
19936,"19207","9999",5
19936,"3115","16202",3
19936,"3115","7723",3
19937,"11180","19883",1
19937,"12399","12401",1
19937,"16756","16757",1
19937,"17551","18157",2
19937,"17955","18563",1
19967,"19107","19114",2
19968,"1946","14816",1
19970,"18952","18953",2
19971,"13654","16071",1
19971,"13654","16703",1
19971,"13654","16715",2
19971,"13654","18333",1
19971,"1749","18083",1
19971,"17848","18106",1
19971,"19175","19180",1
19971,"2698","2929",1
19971,"6854","7124",1
19971,"6854","7126",1
19974,"17955","17956",1
19974,"17955","17957",1
19974,"17955","19608",1
19974,"19708","19713",1
19974,"9824","9826",1
19974,"9824","9829",1
20005,"15805","15815",1
20005,"19207","9999",1
20005,"9357","16154",1
20005,"9357","16158",1
20005,"9367","17127",1
20006,"1085","1101",6
20007,"18963","18965",3
20008,"17088","9999",3
20008,"18199","18200",2
20008,"19551","9999",2
20008,"19708","19712",3
20008,"19708","19715",3
20012,"19175","19177",1
20012,"19175","19178",1
20012,"1946","14818",1
20012,"1946","15021",1
20013,"16614","16621",1
20013,"16614","16629",1
20015,"16756","16757",1
20015,"16756","16762",1
20015,"16756","16764",1
20015,"16756","16768",1
20016,"13654","18331",1
20016,"13790","13799",2
20016,"17955","18563",1
20016,"18199","18200",2
20016,"2563","19769",1
20016,"2563","9200",1
20016,"2563","9222",1
20016,"9226","9231",1
20017,"1749","18086",1
20017,"19175","19176",1
20017,"19175","19177",1
20017,"19175","19178",1
20017,"19175","19179",1
20017,"19175","19180",1
20017,"19708","19710",1
20017,"19708","19711",1
20017,"19708","19712",1
20017,"19708","19713",1
20017,"19708","19715",1
20017,"19708","19716",2
20020,"16440","19374",1
20020,"16546","19635",1
20020,"19708","19710",1
20020,"19708","19711",2
20020,"19708","19713",1
20020,"19708","19714",1
20020,"19708","19715",1
20021,"1058","18657",6
20021,"19107","19111",2
20021,"605","1050",1
20021,"605","11432",1
20021,"605","1882",1
20021,"605","1885",1
20021,"605","1887",1
20021,"8165","17669",2
20028,"11161","19654",1
20028,"16047","19877",1
20029,"3512","6901",1
20030,"18963","18967",4
20031,"13654","18567",2
20031,"13654","19016",2
20031,"18165","18166",2
20031,"19708","19710",1
20031,"19708","19712",1
20031,"19708","19715",1
20031,"19708","19716",1
20031,"6854","7124",1
20033,"11180","13992",2
20033,"15558","15580",2
20033,"15558","15581",1
20033,"15587","15594",1
20033,"17955","19607",1
20033,"2563","9213",1
20033,"2563","9216",2
20033,"2563","9217",2
20033,"3680","13154",1
20033,"9581","10493",1
20033,"9824","9828",2
20033,"9850","14825",2
20092,"13790","13800",1
20092,"15032","18591",1
20092,"16047","19877",1
20092,"16546","16548",1
20092,"17955","19608",1
20092,"19043","19044",1
20092,"19708","19710",1
20092,"19708","19715",1
20097,"19551","9999",1
20117,"2382","17138",2
20119,"2698","17886",2
20120,"1987","2007",1
20120,"1987","2010",1
20120,"1987","2012",1
20120,"1987","2014",1
20120,"1987","2015",2
20121,"12984","15704",3
20121,"12984","17833",3
20121,"16406","19581",3
20121,"19107","19112",3
20121,"19107","19113",3
20121,"19107","19115",6
20129,"2563","9213",2
20130,"10060","10061",3
20130,"16756","16757",2
20131,"12357","12362",2
20132,"16047","19879",1
20132,"19175","19177",1
20132,"19175","19179",1
20132,"6342","15536",1
20132,"6342","15537",1
20135,"1085","1097",1
20140,"17166","17203",1
20140,"9824","9828",1
20141,"17702","17712",2
20141,"17702","19895",6
20142,"16614","16621",3
20142,"16614","16629",3
20142,"16614","18687",1
20144,"11180","13992",1
20144,"18963","18967",1
20144,"18970","18971",1
20144,"19708","19711",1
20144,"6854","7126",1
20145,"9367","9417",4
20148,"605","1046",1
20148,"605","1882",1
20148,"605","1884",1
20148,"605","1885",1
20149,"19107","19109",1
20149,"19846","19855",3
20153,"14587","14589",1
20153,"17848","18111",1
20153,"17848","18951",1
20154,"16047","19877",1
20154,"18199","18200",1
20154,"1946","3631",1
20155,"2382","17136",4
20170,"13654","16071",2
20170,"13654","17244",1
20170,"13654","17270",2
20170,"13654","18568",2
20172,"11161","19367",1
20172,"19175","19180",1
20173,"12984","17831",1
20173,"12984","17833",1
20173,"12984","17944",1
20173,"16440","19691",1
20173,"16440","19693",2
20173,"19708","19711",1
20173,"19708","19715",2
20173,"19708","19716",2
20173,"9824","9826",2
20173,"9824","9827",2
20173,"9824","9828",2
20173,"9824","9830",2
20235,"605","1048",2
20267,"1058","18657",4
20267,"1144","1160",2
20268,"17151","19056",1
20269,"16999","17004",8
20269,"1739","2532",8
20271,"16614","16619",2
20271,"16614","16621",3
20271,"16614","16627",2
20271,"16614","16629",1
20272,"16614","18687",3
20274,"16246","16248",1
20274,"17848","18108",1
20274,"18970","18971",1
20275,"18977","19483",3
20275,"6854","7124",3
20281,"1085","1097",2
20281,"1085","1101",2
20281,"1572","1573",2
20281,"1572","1575",2
20281,"8165","17662",1
20281,"8165","17664",1
20281,"8165","17665",1
20281,"8165","17667",1
20283,"2382","17138",2
20284,"18963","18968",1
20284,"19708","19709",1
20307,"12357","17801",2
20307,"12357","17802",2
20312,"8165","17662",1
20313,"12399","12401",4
20313,"12984","17831",1
20313,"12984","17833",1
20313,"12984","17944",1
20313,"13790","13797",2
20313,"15587","15589",3
20313,"16440","19445",1
20313,"16440","19691",1
20313,"16440","19692",1
20313,"16440","19693",2
20313,"17955","19608",2
20313,"18963","18968",1
20313,"19708","19711",1
20313,"19708","19715",2
20313,"19708","19716",2
20313,"2938","16168",2
20313,"2938","16169",1
20313,"2938","16170",2
20313,"2938","16171",2
20313,"9824","9826",2
20313,"9824","9827",2
20313,"9824","9828",2
20313,"9824","9830",2
20314,"12399","12401",4
20314,"13790","13797",2
20314,"15587","15589",3
20314,"16440","19445",1
20314,"16440","19692",1
20314,"17955","19608",2
20314,"18963","18968",1
20314,"2938","16168",2
20314,"2938","16169",1
20314,"2938","16170",2
20314,"2938","16171",2
20315,"19207","9999",2
20315,"2698","17886",2
20315,"6854","7124",1
20316,"19107","19108",1
20316,"19107","19109",1
20316,"19107","19113",1
20317,"1946","18368",1
20317,"20204","20205",1
20338,"6854","7124",1
20338,"6854","7126",1
20340,"17848","18106",1
20340,"19107","19110",1
20340,"19107","19116",1
20340,"2382","17138",1
20340,"2382","19786",1
20340,"2382","19789",1
20340,"2382","19790",2
20340,"2382","19792",1
20342,"19207","9999",2
20342,"2698","3443",1
20343,"17702","17712",1
20343,"17702","19895",1
20343,"605","1050",1
20343,"605","1052",1
20343,"605","1883",1
20345,"10496","10510",1
20345,"11180","12635",1
20345,"11180","19883",1
20345,"16047","19879",1
20345,"16440","16444",1
20345,"17848","18108",1
20345,"17848","18109",1
20345,"17848","18110",1
20345,"17955","19909",1
20345,"17955","20226",1
20345,"19175","19178",1
20345,"19175","19180",1
20345,"2563","9217",1
20345,"2698","2701",1
20345,"9367","15773",1
20355,"605","11433",3
20355,"605","1884",3
20356,"13312","19591",6
20356,"13312","19593",3
20356,"1739","8619",1
20364,"19708","19710",1
20364,"19708","19712",1
20366,"1946","17534",2
20368,"605","1050",1
20368,"605","1883",2
20368,"605","1885",2
20369,"11161","12676",1
20369,"19175","19177",2
20369,"19175","19180",1
20369,"1946","14816",1
20369,"1946","14818",1
20369,"1946","1947",4
20369,"1946","2267",1
20370,"18963","18969",1
20542,"6854","7124",2
20543,"13312","19593",1
20543,"17551","17559",1
20543,"18952","18953",1
20543,"8165","17663",1
20543,"8165","17667",1
20543,"9581","9616",1
20543,"9850","14863",1
20544,"16246","16248",2
20544,"17848","18108",1
20546,"20506","20515",3
20546,"20506","9999",4
20546,"20525","20526",1
20546,"20525","20527",2
20546,"20525","20528",2
20546,"20525","20529",2
20546,"20525","20530",2
20546,"2382","19791",1
20548,"10496","10718",1
20548,"11161","19367",1
20548,"14587","14588",3
20548,"18199","18200",1
20548,"19207","9999",2
20549,"6854","7124",2
20550,"20468","20474",1
20550,"20468","9999",1
20552,"13654","17399",1
20552,"13654","19016",1
20552,"16047","19877",1
20552,"16047","19878",1
20552,"16934","9999",1
20552,"17702","17710",2
20552,"17848","18111",1
20552,"18281","18285",1
20552,"18281","18288",1
20552,"18281","19730",1
20585,"17702","17711",2
20585,"9824","9829",1
20586,"1987","2013",1
20587,"2382","19788",1
20667,"13654","16071",1
20667,"13654","16074",2
20667,"13654","18567",1
20667,"18281","19730",1
20667,"18281","20569",1
20667,"19708","19710",2
20667,"19708","19711",1
20667,"19708","19715",1
20667,"19708","19716",1
20679,"16614","16621",2
20679,"9367","9417",1
20680,"1987","2011",1
20682,"14587","14590",4
20683,"12984","17834",6
20683,"13312","19593",3
20683,"18963","18966",3
20683,"18970","18971",6
20683,"18970","18974",7
20695,"1739","12989",1
20695,"1739","2530",1
20695,"1739","3312",1
20697,"1987","2014",3
20697,"1987","2015",2
20698,"17702","17717",1
20698,"17955","18237",1
20698,"18281","19028",1
20698,"2938","16168",1
20698,"2938","16169",1
20698,"9367","15773",1
20699,"1144","1157",2
20700,"19107","19109",1
20700,"19107","19111",2
20700,"19107","19114",2
20700,"19107","20453",2
20702,"11161","19367",3
20702,"11161","19654",3
20704,"1085","2517",1
20704,"1144","1163",1
20704,"1144","19219",2
20704,"18963","18966",1
20704,"18963","18967",1
20704,"18963","18969",2
20705,"10078","18075",1
20705,"11180","11185",2
20705,"11180","12634",1
20705,"11180","12635",1
20705,"11180","12636",1
20705,"16047","19877",1
20705,"16999","17003",1
20705,"17088","9999",1
20705,"17151","19056",1
20705,"17551","17554",1
20705,"17551","17556",1
20705,"17551","17558",1
20705,"17551","17559",1
20705,"1946","15020",1
20705,"20468","9999",2
20705,"20497","20503",1
20705,"20497","9999",3
20705,"20506","20515",1
20705,"20506","9999",1
20705,"20525","20527",1
20705,"20525","20528",1
20705,"8165","17663",1
20705,"8165","17665",1
20706,"17702","19894",2
20707,"16756","16768",1
20707,"17848","18109",1
20707,"1791","1793",1
20708,"15587","15593",1
20708,"17151","19055",3
20708,"18952","18954",1
20708,"9226","9231",1
20708,"9367","9417",3
20709,"16756","16768",1
20709,"17848","18109",1
20709,"1791","1793",1
20712,"16614","16621",1
20712,"16614","19347",2
20718,"15805","20196",2
20718,"15805","20578",1
20718,"15805","20580",1
20718,"17551","17554",1
20718,"17551","17558",2
20718,"17551","18162",1
20718,"17848","18107",2
20718,"17848","18109",2
20718,"17848","18950",2
20718,"20214","20216",1
20718,"9850","14824",1
20719,"17955","20226",1
20719,"19708","19709",1
20719,"19708","19711",1
20720,"10496","10718",1
20720,"13744","13745",1
20720,"15805","20578",1
20720,"15805","20580",1
20720,"18199","18200",1
20721,"605","1048",4
20721,"605","1051",6
20721,"605","1882",2
20721,"605","1884",5
20721,"605","1885",2
20722,"15805","15809",1
20722,"16756","16766",1
20722,"19207","9999",1
20723,"19107","19109",2
20723,"19107","19116",2
20726,"15805","15809",1
20726,"15805","15824",1
20726,"19207","9999",1
20726,"9367","15773",1
20726,"9367","17127",1
20727,"1085","1089",6
20727,"1085","1090",3
20727,"1085","1100",1
20727,"16406","19581",2
20728,"17032","18373",1
20729,"16047","19879",1
20729,"18199","18200",1
20729,"1946","3631",1
20730,"19207","9999",6
20730,"2563","9200",4
20730,"2938","16169",4
20730,"2938","16171",4
20731,"16614","16629",2
20732,"1085","1103",1
20734,"20204","20205",1
20737,"1085","19731",3
20739,"20468","20476",1
20739,"20468","20686",1
20739,"20468","9999",1
20740,"16406","19580",1
20740,"18963","18966",1
20740,"2586","19976",1
20785,"1085","1097",6
20789,"13790","13799",2
20789,"2382","2384",2
20806,"16934","9999",2
20806,"7709","16834",1
20806,"7709","7711",1
20811,"1058","18657",3
20812,"18281","19027",1
20812,"18281","20575",1
20812,"20506","9999",1
20812,"20525","20528",1
20812,"20525","20531",1
20812,"20525","20532",1
20812,"7709","16827",1
20812,"7709","7711",1
20813,"11180","13994",2
20813,"11180","19883",1
20813,"16756","16757",1
20813,"16756","16768",1
20813,"17955","18237",2
20813,"17955","19608",1
20813,"17955","19909",1
20813,"20204","20206",1
20815,"7709","7711",2
20816,"1946","14816",1
20816,"1946","15020",1
20816,"1946","2267",1
20817,"17955","17956",3
20817,"17955","18233",2
20817,"17955","19802",2
20817,"18199","18200",1
20817,"18199","18201",3
20817,"18952","20082",4
20818,"18281","18289",1
20818,"6854","20773",1
20818,"6854","7126",1
20818,"9625","9999",1
20819,"2382","19790",1
20820,"10496","10510",1
20821,"16756","16766",1
20821,"17848","18111",1
20821,"17848","18950",1
20821,"17955","17957",1
20821,"17955","19802",1
20821,"18281","18284",1
20821,"9367","15773",1
20821,"9367","17127",1
20822,"6854","20770",1
20822,"6854","20771",1
20822,"6854","20772",1
20824,"11161","19367",1
20824,"19175","19178",1
20824,"19175","19179",1
20835,"18281","18283",1
20835,"18281","19030",1
20894,"16614","16621",1
20894,"16614","16629",2
20895,"15530","18038",6
20896,"605","11433",3
20896,"605","1884",3
20898,"10496","10510",2
20898,"11161","11163",1
20898,"11161","12660",1
20898,"11161","12661",2
20898,"11161","12676",1
20898,"11161","19366",2
20898,"11161","19367",2
20898,"11161","19654",1
20898,"11161","19655",1
20898,"13744","13745",1
20898,"16047","19877",2
20898,"17551","17554",1
20898,"17551","17555",2
20898,"17551","17558",2
20898,"17551","17559",1
20898,"20468","20472",1
20898,"20468","9999",2
20898,"20497","20504",1
20898,"20497","9999",2
20898,"3680","13154",3
20898,"9581","9613",1
20898,"9581","9999",1
21011,"1085","1384",3
21011,"18963","18968",2
21088,"605","1051",1
21088,"605","1052",1
21089,"2382","15878",3
21089,"2382","2384",3
21090,"21048","21063",1
21108,"2382","17138",2
21109,"21000","21002",3
21109,"21000","21003",3
21109,"21017","21019",1
21109,"21017","21020",2
21109,"21017","21028",1
21109,"21017","21029",1
21109,"21048","21049",1
21109,"21048","21051",1
21109,"21048","21053",1
21109,"21048","21057",1
21109,"21048","21061",1
21109,"21048","21065",1
21109,"21048","21067",1
21109,"21048","21071",1
21110,"20986","20987",1
21110,"20986","20989",1
21110,"20986","20991",1
21110,"21000","21001",2
21110,"21000","21002",2
21110,"21000","21003",1
21110,"21000","21004",2
21111,"1946","3631",1
21111,"1946","3633",1
21111,"20204","20206",1
21112,"20986","20987",1
21112,"20986","20988",1
21112,"20986","20989",1
21112,"20986","20991",1
21155,"20506","9999",1
21155,"21000","21001",2
21155,"21000","21002",2
21155,"21000","21004",2
21156,"20204","20207",1
21156,"21048","21059",1
21156,"21095","21098",1
21156,"9226","9231",1
21157,"1946","14818",1
21157,"1946","15014",1
21157,"1946","1947",2
21157,"1946","2267",1
21158,"6854","20771",1
21158,"6854","20772",1
21158,"6854","20773",1
21158,"6854","20775",1
21162,"13790","13797",1
21162,"1739","2532",10
21163,"17166","17360",1
21163,"1739","17061",1
21163,"20497","20503",1
21163,"20506","9999",1
21163,"20986","20991",1
21175,"17955","17957",1
21175,"21000","21002",1
21175,"21000","21004",2
21175,"21017","21019",1
21175,"21017","21029",1
21175,"21095","21103",1
21175,"21095","21106",1
21176,"21095","21098",1
21176,"21095","21101",1
21176,"21095","21103",1
21176,"21095","21104",1
21176,"21095","21106",1
21177,"1946","1947",12
21178,"19043","19370",1
21178,"19043","19441",1
21178,"19043","19442",2
21178,"19043","19658",1
21178,"19708","19711",1
21178,"19708","19716",1
21179,"18963","18967",3
21179,"18963","18968",2
21179,"18963","18969",1
21179,"2382","19791",2
21180,"2382","15878",1
21180,"2382","19790",2
21181,"605","1882",1
21181,"605","1883",1
21181,"605","1884",1
21181,"605","1885",1
21182,"13654","18568",1
21182,"13654","21092",1
21182,"19708","19712",1
21182,"2382","15878",1
21182,"2382","17136",1
21182,"2382","19786",1
21182,"2382","19788",1
21184,"16406","19581",4
21184,"2382","15874",1
21184,"2382","15875",1
21184,"2382","15921",1
21184,"2382","2384",1
21186,"19207","9999",2
21186,"1946","14334",1
21187,"20986","20988",1
21187,"20986","20989",1
21187,"2938","16169",1
21187,"2938","16170",1
21187,"2938","16171",1
21255,"1987","2005",1
21255,"1987","2007",1
21255,"605","1051",1
21255,"605","1887",1
21256,"2586","18004",1
21256,"2586","18005",1
21256,"6342","15537",2
21257,"12984","15701",1
21257,"12984","15704",1
21257,"17166","17203",1
21257,"18199","21173",1
21258,"19107","19108",1
21258,"19107","19113",1
21258,"19107","20080",1
21258,"19107","20456",1
21261,"605","1050",1
21261,"605","1882",1
21262,"19175","19177",1
21262,"19175","19180",1
21262,"1946","14816",1
21262,"1946","15014",1
21262,"1946","1947",1
21262,"1946","2267",1
21262,"1946","3633",1
21263,"1749","18084",1
21263,"19175","19176",1
21263,"19175","19180",1
21264,"18952","20082",1
21264,"19708","19712",1
21264,"19708","19713",1
21266,"11161","11163",1
21266,"15805","20580",1
21266,"19207","9999",1
21266,"21048","21072",1
21266,"2563","9217",1
21266,"2563","9219",1
21266,"6854","21150",1
21266,"9357","17515",1
21266,"9357","17520",1
21266,"9367","15773",1
21266,"9367","17130",2
21267,"20497","9999",1
21267,"20525","20529",1
21267,"20525","20531",1
21267,"2586","18005",1
21267,"2698","2929",1
21268,"20506","9999",5
21269,"1946","14816",1
21269,"1946","2267",1
21270,"19708","19709",3
21271,"11161","11162",1
21271,"11161","12660",1
21271,"6854","21149",2
21271,"6854","7124",2
21272,"12984","17831",1
21272,"12984","17944",5
21272,"6342","15537",2
21272,"6342","16873",1
21272,"6342","16875",1
21272,"9367","15773",4
21272,"9367","17127",4
21273,"2382","19790",3
21273,"9824","9829",1
21274,"17303","17306",1
21274,"20214","20216",1
21274,"21000","21004",1
21275,"19175","19176",2
21275,"19175","19177",2
21275,"19175","19180",1
21277,"20986","20989",1
21277,"20986","20991",1
21278,"9824","9829",2
21278,"9824","9830",2
21279,"6854","7124",1
21280,"12357","12363",1
21280,"16287","16288",1
21280,"19107","19110",1
21280,"19846","19854",1
21280,"20986","20987",1
21280,"21000","21003",1
21280,"2382","19789",1
21281,"11161","11162",2
21281,"11161","11163",3
21281,"11161","12660",2
21281,"11161","12661",2
21281,"11161","12676",3
21281,"11161","19366",3
21281,"11161","19367",2
21281,"11161","19654",1
21281,"11161","19655",1
21281,"16234","18816",1
21281,"16246","16248",3
21281,"16246","16250",3
21281,"16246","16254",3
21281,"20986","20991",1
21281,"6854","20770",2
21281,"6854","20771",2
21281,"6854","20772",2
21281,"6854","20773",2
21281,"9581","10493",2
21281,"9581","13184",2
21281,"9581","9613",2
21281,"9581","9832",2
21281,"9850","14824",2
21281,"9850","15526",1
21282,"605","1048",2
21282,"605","1885",2
21283,"19175","19176",1
21283,"19175","19177",1
21283,"1946","15014",2
21283,"1946","1947",2
21285,"18963","18968",5
21286,"2382","17136",2
21286,"2382","18317",2
21286,"2382","2384",3
21287,"21048","21052",2
21288,"15558","15580",2
21288,"16047","19877",1
21288,"16047","19878",2
21288,"16495","16496",3
21288,"16495","16498",3
21288,"16495","16500",11
21288,"16495","16502",3
21288,"17166","17201",1
21288,"17166","17204",1
21288,"17848","18107",1
21288,"17848","18109",1
21288,"17848","18111",1
21288,"17848","18950",1
21288,"1791","1792",2
21288,"1791","1793",2
21288,"18199","18200",1
21288,"18199","18201",1
21288,"18199","21173",4
21288,"18952","18953",1
21288,"18952","18954",1
21288,"18952","18955",6
21288,"18952","20082",1
21288,"19207","9999",6
21288,"20214","20215",1
21288,"20214","20217",1
21288,"20468","20472",1
21288,"20468","9999",2
21288,"20497","20503",1
21288,"20497","9999",1
21288,"2260","16330",4
21288,"2260","6710",1
21288,"2260","6711",1
21288,"2260","6734",1
21288,"2260","6735",1
21288,"2260","6736",1
21288,"2586","18004",2
21288,"2586","18005",2
21288,"2698","14848",2
21288,"2698","14849",1
21288,"2698","17924",1
21288,"2698","2701",2
21288,"2698","2929",4
21288,"2698","9962",2
21288,"3512","6901",2
21288,"6854","20771",2
21288,"6854","7124",4
21288,"6854","7126",2
21289,"10855","13050",1
21289,"11180","13992",1
21289,"11180","13994",1
21289,"13312","19591",2
21289,"13312","19592",2
21289,"16287","16290",1
21289,"16999","17003",1
21289,"17166","17204",2
21289,"17166","17357",1
21289,"17166","17362",1
21289,"17955","20226",1
21289,"19551","9999",1
21289,"20497","9999",1
21289,"20986","20987",1
21289,"7709","16827",1
21289,"8165","17664",1
21289,"9824","9827",1
21290,"21095","21102",6
21292,"17955","18237",2
21292,"17955","19607",2
21292,"17955","19608",3
21292,"17955","19802",3
21292,"17955","19909",4
21292,"17955","20226",3
21292,"21095","21102",1
21292,"21095","21104",2
21292,"21095","21105",1
21292,"21095","21107",1
21293,"1085","1089",1
21293,"14587","14588",2
21293,"21095","21106",1
21294,"9841","9845",1
21295,"6854","20773",4
21295,"6854","7124",5
21307,"17166","17355",1
21307,"17166","17359",1
21307,"17166","17362",1
21307,"7709","16834",8
21308,"18977","19481",2
21308,"18977","19484",2
21309,"17032","18373",3
21311,"20468","20540",1
21314,"13654","16715",1
21314,"13654","18329",1
21314,"13654","18331",1
21314,"13654","18333",1
21314,"13654","21128",1
21314,"16614","16621",1
21314,"16614","16625",1
21314,"16614","16631",1
21314,"16614","19277",1
21314,"16614","20466",1
21314,"18281","18282",1
21314,"18281","18284",1
21314,"18281","18288",1
21314,"18281","20570",1
21314,"18281","20572",1
21314,"1987","2006",4
21314,"1987","2010",4
21314,"1987","2013",4
21314,"1987","2014",4
21314,"1987","2018",4
21314,"6854","20772",1
21314,"6854","20775",1
21314,"6854","7124",1
21315,"13790","13797",1
21315,"18952","18953",1
21315,"20468","20540",1
21316,"13312","19591",1
21316,"13312","19595",1
21316,"14587","14588",1
21316,"14587","14590",1
21316,"14587","14591",1
21316,"18970","18972",1
21316,"18970","18974",1
21317,"21095","21096",1
21318,"12357","17801",1
21318,"16614","16615",1
21318,"1739","2527",2
21318,"17702","17708",2
21318,"17702","17711",1
21318,"18977","19485",1
21318,"19107","19108",1
21318,"19107","19111",1
21318,"19107","19113",1
21319,"17032","18373",1
21319,"17702","17716",2
21320,"18165","18166",2
21320,"18165","18167",1
21321,"19175","19176",2
21321,"19175","19177",2
21321,"19175","19179",2
21321,"19175","19180",2
21322,"21048","21053",1
21322,"21048","21063",1
21322,"21048","21067",1
21323,"17955","17956",1
21323,"1946","1947",1
21323,"21000","21002",1
21323,"21017","21026",1
21324,"15530","18044",1
21326,"1946","2267",2
21397,"20468","9999",1
21397,"20497","20504",1
21397,"20497","9999",1
21398,"16614","16617",1
21398,"16614","20466",1
21398,"19107","19111",1
21398,"19107","19113",3
21398,"19107","19115",1
21398,"19107","20453",1
21400,"16614","16633",1
21400,"16614","19348",1
21401,"18977","21160",2
21401,"9841","9842",4
21402,"20468","20474",1
21404,"1987","19420",1
21404,"1987","19421",1
21404,"1987","2009",1
21404,"1987","2014",1
21404,"1987","2015",1
21404,"1987","2016",1
21404,"1987","2018",1
21404,"1987","2507",1
21405,"1946","15014",1
21405,"1946","1947",1
21413,"11161","11162",1
21413,"19099","19102",1
21413,"21048","21060",1
21413,"2563","9213",1
21413,"9357","16158",1
21413,"9841","9845",1
21414,"17032","18374",2
21414,"17032","18375",2
21414,"1946","18368",9
21414,"1946","3631",4
21414,"1946","3633",5
21416,"3680","9999",4
21417,"17166","17199",1
21417,"17166","17200",1
21417,"17166","17201",1
21417,"17166","17203",1
21417,"20204","20205",1
21419,"18281","18289",1
21419,"18281","18561",1
21419,"18281","19029",1
21419,"18281","19730",1
21419,"18281","20200",1
21419,"18281","21190",1
21419,"18281","21192",1
21420,"1085","1101",1
21420,"1085","1103",2
21420,"1085","19731",2
21440,"1085","1088",2
21440,"1085","1091",1
21440,"1085","1095",2
21440,"1085","1101",1
21440,"1085","1103",1
21440,"1144","1159",1
21440,"19107","19116",1
21440,"605","1048",3
21440,"605","11431",3
21440,"605","1885",2
21441,"12357","17799",3
21442,"19846","19855",2
21442,"9824","9825",1
21442,"9824","9826",1
21443,"605","1048",4
21443,"605","1051",4
21443,"605","1884",5
21444,"18199","18200",1
21444,"18199","21173",1
21444,"20214","20215",1
21444,"20214","20216",1
21444,"20214","20217",1
21444,"20986","20987",1
21444,"20986","20989",1
21445,"10060","10061",2
21446,"21048","21054",1
21446,"21048","21060",1
21447,"14587","14588",2
21447,"14587","14591",1
21447,"16934","9999",2
21448,"14007","14014",1
21448,"16287","16288",1
21448,"18165","18166",1
21448,"18354","18355",1
21449,"10078","18075",1
21449,"10078","18190",1
21449,"21048","21054",1
21449,"21048","21058",1
21449,"21048","21060",1
21450,"16999","17003",2
21451,"605","1050",1
21452,"3680","13155",10
21452,"3680","9999",4
21453,"16614","16621",2
21453,"17702","17709",3
21453,"17702","17710",2
21453,"17702","17711",3
21453,"17702","17712",2
21454,"10496","10726",6
21454,"10496","10727",4
21456,"21429","21435",2
21466,"16614","16633",2
21466,"16614","19348",2
21482,"1987","2013",2
21512,"1069","1071",1
21512,"18963","18968",2
21512,"21429","21435",2
21513,"21048","21054",1
21513,"21048","21056",1
21513,"21048","21058",1
21513,"21048","21064",1
21513,"21048","21068",1
21513,"21048","21070",1
21514,"20525","20528",1
21514,"20525","20531",1
21514,"20525","20532",1
21515,"16614","16627",1
21515,"16614","19278",1
21515,"6854","20772",1
21516,"12399","12401",2
21516,"19551","9999",2
21516,"19708","19710",1
21516,"20506","21484",1
21516,"20506","21487",1
21516,"20506","21492",1
21516,"20506","21493",1
21516,"20506","21494",2
21516,"20506","21495",1
21516,"21095","21100",4
21516,"21095","21102",1
21516,"21095","21105",1
21517,"21095","21100",1
21517,"21095","21101",1
21517,"21095","21103",1
21518,"2260","6711",1
21519,"1085","1384",13
21520,"19175","19176",2
21520,"19175","19177",2
21520,"19175","19178",2
21520,"19175","19179",1
21520,"19175","19180",2
21521,"18963","18968",2
21521,"21429","21435",4
21522,"17848","18951",1
21523,"16287","16288",6
21523,"20986","20988",3
21524,"605","1051",1
21525,"11180","13992",1
21525,"2563","9222",1
21528,"17166","17201",1
21528,"17166","17355",1
21528,"17166","17356",1
21528,"17166","17359",1
21528,"17166","17362",2
21528,"9581","13184",2
21529,"16614","18689",1
21529,"1987","2005",1
21533,"605","15120",1
21533,"605","1883",1
21533,"605","1886",1
21535,"16614","16619",1
21535,"16614","16621",2
21535,"16614","16623",1
21535,"16614","16633",1
21535,"16614","18687",1
21535,"16614","18688",1
21539,"17166","17203",1
21540,"10060","10073",2
21550,"20468","20474",1
21599,"3680","13155",3
21600,"1085","1103",1
21600,"1085","1383",2
21600,"17848","18106",1
21600,"17955","19802",1
21600,"21095","21100",1
21600,"21429","21435",1
21600,"2382","17136",1
21600,"2382","19788",1
21600,"2382","19790",1
21600,"2382","19791",1
21637,"1085","1103",1
21637,"1085","2517",1
21637,"16406","19581",1
21659,"13654","16071",1
21659,"18281","19029",2
21659,"18963","18967",1
21659,"19099","19102",1
21659,"21095","21105",1
21659,"21429","21435",1
21659,"9367","17127",1
21660,"17848","18108",1
21660,"19099","19100",1
21662,"1069","1071",1
21662,"14587","14589",1
21662,"16246","16252",1
21662,"16246","16254",1
21662,"16546","16548",1
21662,"16546","16556",1
21662,"16546","19635",1
21662,"19099","19101",1
21666,"13654","19016",1
21666,"13654","21128",1
21670,"21551","21562",1
21670,"21551","21564",1
21671,"10855","14805",2
21672,"1946","15014",1
21672,"1946","1947",1
21674,"16614","16629",1
21689,"16614","16623",1
21689,"16614","16631",1
21689,"16614","18687",1
21689,"16614","18689",1
21695,"1749","18081",1
21695,"19175","19179",3
21696,"16614","16621",2
21696,"16614","16625",1
21696,"16614","16629",2
21696,"18977","19482",1
21696,"18977","19485",1
21696,"18977","19487",1
21696,"6854","20773",2
21696,"6854","7124",2
21697,"605","1046",2
21699,"21551","21552",1
21699,"21551","21562",1
21699,"21551","21564",2
21699,"21551","21566",1
21699,"2260","6710",1
21699,"2260","6711",1
21699,"2260","6734",1
21699,"2260","6735",1
21699,"2260","6736",1
21699,"2260","6737",1
21700,"20506","21485",2
21710,"10855","13050",1
21710,"10855","14306",1
21710,"19175","19176",2
21710,"19175","19177",1
21710,"19175","19180",1
21712,"1987","2005",1
21712,"1987","2008",1
21712,"1987","2009",1
21712,"1987","2012",1
21712,"1987","2015",1
21712,"1987","2017",1
21712,"1987","3082",1
21713,"11180","12639",10
21713,"11180","13992",5
21713,"11180","13994",5
21713,"11180","19883",10
21714,"20986","20990",5
21715,"19107","19109",1
21715,"19107","19110",2
21715,"19107","20080",1
21715,"19107","20456",1
21715,"19107","20457",1
21715,"605","1051",3
21716,"19708","19709",1
21717,"9357","17520",1
21718,"13654","19016",1
21718,"16495","16496",1
21719,"1085","1086",3
21719,"1085","1089",5
21719,"1085","1096",5
21719,"1085","1102",5
21719,"20214","20216",1
21719,"20506","21487",1
21719,"20506","21491",1
21719,"20506","21495",1
21719,"20506","9999",1
21719,"21000","21002",1
21719,"21000","21003",1
21719,"21429","21435",2
21720,"13312","19591",2
21720,"14587","14588",6
21720,"19107","19108",3
21721,"1085","1089",2
21816,"1739","16189",1
21816,"1739","16191",2
21816,"1739","17325",1
21816,"9625","13165",2
21816,"9625","13172",2
21824,"17088","9999",5
21824,"18354","18355",5
21824,"20497","20503",3
21824,"20497","20504",3
21824,"21551","21552",2
21824,"21551","21564",1
21824,"21551","21566",2
21826,"18281","19029",1
21826,"18281","20569",1
21826,"18281","20571",1
21826,"19708","19709",1
21826,"19708","19710",1
21826,"19708","19712",1
21826,"19708","19714",1
21826,"19708","19715",1
21826,"19708","19716",1
21826,"21429","21435",1
21827,"2260","6710",2
21827,"2260","6711",2
21827,"2260","6734",3
21827,"2260","6735",3
21827,"2260","6736",2
21834,"13654","16074",1
21834,"13654","17244",1
21834,"13654","17275",1
21834,"13654","17329",2
21834,"13654","18331",1
21834,"13654","19023",1
21834,"18281","18561",1
21834,"18281","20200",1
21834,"18281","20569",1
21837,"16756","16768",1
21837,"19708","19714",1
21837,"605","1048",2
21837,"605","11432",2
21837,"605","11433",2
21839,"16614","16625",2
21839,"16999","17003",4
21839,"9841","9842",1
21841,"18963","18965",6
21841,"18963","18966",6
21841,"18963","18967",3
21841,"18963","18969",7
21842,"1946","1947",10
21842,"1946","21725",17
21843,"11161","12660",1
21843,"20214","20217",1
21843,"2260","6734",1
21843,"9357","16154",1
21844,"18970","18973",4
21845,"1946","15021",1
21845,"1946","21723",1
21845,"1946","21724",2
21845,"1946","2265",2
21846,"12984","15704",1
21846,"19107","19114",2
21847,"12357","12362",1
21847,"12357","17799",1
21847,"12357","17801",1
21847,"12357","17803",1
21847,"12357","21663",1
21847,"12399","12400",1
21847,"12399","12403",1
21847,"16756","16766",1
21847,"18970","18971",1
21847,"18970","18972",1
21847,"19107","19109",1
21847,"19107","19110",1
21847,"21017","21019",1
21847,"21017","21021",1
21847,"21017","21023",1
21847,"605","1051",1
21847,"605","1052",1
21847,"605","1884",1
21848,"20506","20515",2
21849,"16047","19877",1
21849,"20525","20529",1
21850,"12357","17803",1
21850,"16934","21583",1
21850,"16934","21584",1
21850,"16934","21585",1
21850,"16934","21586",1
21850,"16934","21587",1
21850,"16934","21588",1
21850,"16934","21589",1
21850,"18970","18973",1
21850,"1987","2011",1
21850,"1987","3082",1
21851,"17551","17559",4
21851,"17551","17933",4
21851,"17551","18157",2
21851,"2563","9200",2
21922,"1739","17408",1
21922,"1739","8620",1
21923,"1946","1947",4
21923,"1946","21723",1
21923,"1946","21724",2
21923,"1946","21852",4
21923,"1946","21854",1
21923,"1946","21855",1
21925,"10855","13050",1
21925,"16047","19879",1
21925,"17088","9999",1
21925,"17848","18110",1
21925,"17955","19607",1
21925,"18281","20572",1
21925,"18281","21190",1
21925,"18354","18356",1
21925,"18970","18972",1
21925,"19846","19854",1
21925,"20506","21487",1
21925,"21000","21003",1
21925,"21017","21025",1
21926,"12357","12364",1
21926,"17702","19895",1
21926,"19846","19854",2
21926,"19846","19855",3
21926,"605","1046",2
21926,"605","1050",2
21926,"605","1883",2
21926,"605","1884",2
21927,"16614","16619",2
21927,"16614","16621",2
21927,"16614","16623",1
21927,"16614","16627",1
21927,"16614","19348",1
21927,"6854","20771",2
21928,"17955","19607",2
21928,"17955","19802",3
21928,"17955","19909",1
21928,"18952","18954",1
21928,"19551","9999",2
21928,"21000","21782",1
21928,"21000","21783",1
21928,"21000","21785",2
21928,"21000","21786",2
21928,"21000","21895",2
21928,"21000","21896",2
21928,"21000","21897",2
21928,"21017","21019",1
21928,"21017","21020",1
21928,"21017","21028",2
21928,"21017","21029",2
21928,"21095","21096",2
21928,"21095","21098",5
21928,"21095","21100",3
21928,"21095","21102",4
21928,"2382","15874",1
21928,"2382","17136",3
21928,"2382","18317",2
21928,"2382","19791",1
21928,"2698","18389",1
21928,"2698","21901",1
21928,"2698","2700",1
21929,"12680","12714",3
21929,"16406","19580",2
21929,"17955","17956",2
21929,"2382","19789",4
21930,"1946","17534",1
21930,"1946","18368",1
21930,"1946","21723",1
21930,"1946","21726",1
21930,"1946","21852",1
21930,"1946","21854",1
21930,"9357","16156",1
21931,"1085","1088",1
21931,"1085","1092",1
21931,"1085","19731",1
21931,"18963","18965",4
21931,"18963","18966",6
21931,"21095","21104",6
21932,"19175","19176",1
21932,"1946","1947",2
21932,"1946","21723",2
21932,"1946","21724",1
21937,"16546","16548",1
21937,"16546","16556",1
21937,"16934","21583",6
21937,"16934","21584",6
21937,"16934","21585",6
21937,"18281","18289",1
21937,"18281","20572",1
21937,"18281","21137",1
21937,"18281","21138",1
21937,"19708","19710",1
21937,"19708","19713",1
21937,"21429","21435",1
21938,"20468","20475",1
21941,"16047","19879",1
21941,"16246","16254",1
21941,"21429","21435",1
21942,"605","1882",2
21942,"605","1883",2
21942,"605","1884",1
21942,"605","1885",1
21943,"21048","21064",1
21943,"21048","21070",1
21957,"13654","18568",2
21957,"18281","20569",1
21957,"18281","21192",1
21958,"19708","19709",2
21958,"19708","19710",1
21958,"19708","19712",1
21958,"21048","21060",1
21959,"11161","11162",1
21959,"11161","11163",1
21959,"11161","12660",1
21959,"11161","12661",1
21959,"11161","12676",1
21959,"11161","19367",1
21959,"18199","18200",1
21959,"18199","18201",1
22035,"1946","2267",10
22035,"21429","21436",3
22045,"21048","21052",1
22045,"21048","21064",1
22046,"1946","21723",1
22051,"16756","16757",1
22052,"20497","20503",2
22052,"9226","9231",1
22053,"13654","21092",1
22053,"19708","19713",1
22053,"19708","19716",1
22054,"1946","15021",1
22054,"21000","21004",1
22055,"9841","9842",3
22056,"17955","17957",1
22056,"17955","18233",1
22056,"17955","19607",1
22056,"17955","19802",1
22056,"20506","21483",1
22056,"20506","21484",1
22056,"20506","21487",1
22056,"20506","21493",1
22056,"20506","21495",1
22056,"20525","20532",1
22056,"21000","21002",1
22056,"21000","21003",1
22056,"21000","21782",1
22056,"21000","21897",1
22056,"21017","21020",1
22056,"21017","21022",1
22056,"21095","21106",1
22056,"21095","21107",1
22056,"21998","22009",1
22057,"13654","18333",2
22058,"6854","20771",1
22058,"6854","20773",1
22058,"6854","20774",1
22060,"1739","2524",1
22064,"21048","21049",2
22065,"19107","19109",1
22065,"19107","20452",1
22065,"19107","20458",1
22066,"21429","21435",1
22066,"6854","20775",1
22085,"6854","20773",1
22086,"21048","21049",1
22086,"21048","21055",1
22086,"21048","21060",2
22086,"21048","21065",1
22086,"21048","21068",2
22088,"16999","17004",2
22088,"19207","21807",2
22088,"9625","13165",3
22088,"9625","13172",3
22088,"9841","9845",3
22089,"1085","1091",3
22090,"16440","19446",1
22090,"16440","19691",1
22090,"16440","19692",1
22090,"19708","19716",1
22090,"21048","21054",1
22090,"21048","21056",1
22090,"21048","21058",1
22090,"21048","21062",1
22090,"21048","21066",1
22090,"21048","21072",1
22091,"1946","14334",1
22091,"1946","2267",1
22091,"1946","3289",1
22091,"21000","21004",1
22091,"2698","2701",1
22092,"2586","18004",1
22092,"2586","18005",1
22092,"2586","19976",1
22093,"17702","19895",6
22096,"21048","21049",1
22096,"21048","21055",1
22096,"21048","21059",1
22096,"21048","21060",1
22096,"21048","21065",1
22096,"21048","21067",1
22096,"21048","21068",1
22096,"21048","21070",1
22097,"1085","1102",3
22097,"17955","19607",1
22097,"18963","18965",1
22097,"18963","22036",1
22097,"18963","22037",1
22097,"20214","20217",2
22097,"21095","21097",1
22097,"21095","21098",1
22097,"21095","21100",3
22097,"21095","21101",1
22097,"21095","21104",1
22097,"21095","21105",1
22097,"21095","21106",1
22097,"21095","21107",1
22097,"21429","21435",5
22098,"17410","17414",4
22099,"1946","1947",2
22099,"1946","21724",2
22103,"17551","17559",3
22103,"2382","17136",5
22104,"16614","16621",1
22104,"6854","20774",1
22118,"17166","17202",3
22118,"17166","17357",2
22118,"9824","9828",3
22118,"9824","9829",3
22142,"1749","18086",1
22142,"1946","2265",1
22142,"6342","15537",1
22142,"6342","16873",1
22148,"11161","11162",2
22148,"11161","11163",3
22148,"11161","19366",4
22148,"11161","19654",2
22148,"11161","19655",2
22148,"19207","21415",3
22148,"19207","21807",3
22148,"19207","21808",3
22148,"19207","21809",3
22148,"19207","21810",3
22148,"19207","21907",3
22148,"19207","21908",4
22148,"19207","21909",3
22148,"21998","22003",3
22148,"21998","22004",3
22148,"21998","22005",2
22148,"21998","22009",3
22148,"21998","22010",3
22148,"2260","6710",1
22148,"2260","6711",1
22148,"2260","6734",2
22148,"2260","6735",2
22148,"2260","6736",1
22148,"6854","20771",3
22148,"6854","20772",1
22148,"6854","20774",4
22148,"6854","20775",1
22148,"6854","21149",2
22148,"6854","21150",3
22148,"6854","21151",2
22148,"6854","7126",3
22149,"16614","16625",2
22149,"16614","19254",1
22149,"16614","19276",2
22149,"19107","19115",1
22163,"7860","9245",1
22163,"7860","9246",1
22163,"7860","9247",1
22163,"7860","9249",1
22163,"9581","10493",2
22163,"9581","13184",2
22163,"9581","21799",3
22163,"9581","21800",3
22163,"9581","21801",3
22163,"9581","21913",3
22163,"9581","21914",4
22163,"9581","21915",3
22163,"9581","9617",2
22163,"9581","9832",3
22164,"16287","16288",1
22164,"1739","12346",2
22189,"10285","10863",1
22189,"13790","13797",1
22189,"13790","13800",1
22189,"17955","20202",1
22189,"2698","17886",1
22189,"9824","9829",1
22190,"19708","19710",1
22190,"21429","21435",2
22191,"10496","10718",4
22191,"1739","12989",2
22191,"17848","18107",1
22191,"2698","21901",2
22191,"2698","21903",1
22191,"3680","22141",1
22191,"6854","21149",1
22192,"21048","21050",1
22192,"21048","21052",1
22192,"21048","21056",1
22192,"21048","21058",1
22192,"21048","21060",1
22192,"21048","21068",1
22192,"21048","21070",1
22192,"21998","21999",1
22192,"21998","22002",1
22192,"21998","22003",1
22192,"21998","22007",1
22195,"9824","9826",1
22195,"9824","9829",1
22197,"21017","21028",2
22200,"21000","21782",1
22200,"3680","21772",1
22200,"3680","22138",1
22200,"3680","22140",1
22200,"9581","21800",1
22201,"13312","19591",1
22201,"19107","19110",1
22201,"1946","22124",1
22202,"17702","19895",1
22203,"19708","19709",4
22203,"21048","21054",1
22203,"21048","21060",1
22203,"21048","21068",1
22204,"16047","19878",1
22204,"20214","20217",2
22204,"9824","9828",1
22205,"10855","13050",2
22205,"16546","16548",1
22205,"16546","19635",1
22205,"19708","19713",1
22205,"19708","19716",1
22205,"2260","6734",1
22205,"2563","9216",1
22205,"2563","9217",1
22205,"2563","9219",1
22205,"2938","16171",1
22206,"1085","1097",4
22206,"1085","1103",4
22206,"1085","2517",4
22206,"1987","11442",3
22206,"1987","2005",1
22206,"1987","2006",2
22206,"1987","2007",2
22206,"1987","2008",2
22206,"1987","2009",2
22206,"1987","2011",2
22206,"1987","2012",2
22206,"1987","2014",2
22206,"1987","2016",2
22206,"1987","2017",2
22206,"1987","2018",2
22206,"1987","21164",2
22206,"1987","3082",2
22206,"605","1048",3
22206,"605","1050",2
22206,"605","11431",3
22206,"605","11433",2
22206,"605","1885",3
22218,"1058","3382",2
22218,"18963","22036",3
22218,"18963","22037",3
22218,"18963","22159",2
22218,"18963","22161",2
22218,"18963","22162",2
22218,"18963","9999",2
22219,"16614","16621",1
22219,"16614","16629",1
22219,"9625","13165",1
22221,"13654","16074",1
22221,"605","1049",1
22222,"18963","18964",2
22222,"18963","18967",2
22223,"10060","10061",1
22223,"16756","16766",1
22223,"1987","19421",1
22223,"1987","2013",1
22223,"1987","21164",1
22223,"5605","5680",1
22223,"9841","9845",1
22224,"17166","17204",1
22224,"18963","18964",2
22224,"18963","18966",2
22224,"18963","18968",2
22224,"20506","21486",1
22224,"20506","21487",1
22224,"20506","21495",3
22236,"1739","2560",1
22236,"18354","18355",1
22236,"21429","21435",1
22236,"6342","16875",1
22238,"21998","22007",1
22238,"21998","22009",1
22239,"16934","21585",12
22241,"12984","15701",1
22241,"12984","15704",1
22241,"16246","16254",1
22241,"16756","16766",1
22241,"17088","9999",1
22242,"20506","21491",2
22242,"20506","21492",2
22242,"20506","21495",2
22242,"20506","21961",2
22243,"18977","18979",3
22243,"18977","19486",10
22244,"1739","17063",4
22244,"21000","21786",6
22244,"3680","21888",4
22245,"1987","2013",4
22245,"1987","3083",1
22245,"20204","20206",1
22246,"14587","14589",4
22246,"2382","2384",2
22301,"605","1049",2
22316,"19175","19177",1
22316,"19175","19178",1
22327,"16934","21585",1
22327,"17955","19802",1
22327,"21000","21002",1
22328,"20986","20991",3
22328,"2563","9213",2
22328,"2563","9217",4
22328,"2563","9222",2
22328,"7860","9245",2
22328,"7860","9246",3
22328,"7860","9247",3
22328,"7860","9248",1
22328,"9625","13165",1
22329,"17032","18375",1
22330,"11161","12660",1
22330,"16440","16448",1
22330,"16440","19374",1
22330,"16440","19692",1
22330,"6854","20772",1
22330,"6854","20773",1
22330,"6854","20774",1
22331,"11161","19655",1
22331,"2698","2701",2
22332,"20468","20686",1
22333,"21095","21099",4
22334,"2563","9213",12
22334,"3680","13155",15
22335,"6854","20773",1
22335,"6854","7124",2
22336,"13654","16071",1
22336,"19107","19110",1
