"order_id","order_date","order_total","customer_id","billing_company"
"22336",2021-03-22,47.78,"364",NA
"22335",2021-03-22,63.81,"262",NA
"22334",2021-03-22,620.86,"267",NA
"22333",2021-03-21,70.28,"331",NA
"22332",2021-03-21,30.51,"388",NA
"22331",2021-03-21,53.55,"332",NA
"22330",2021-03-21,122.82,"215","henbonfiberwerks"
"22329",2021-03-20,23.6,"27",NA
"22328",2021-03-19,372.74,"476",NA
"22327",2021-03-19,109.96,"416",NA
"22316",2021-03-18,46.7,"33",NA
"22301",2021-03-16,42.4,"490",NA
"22246",2021-03-16,63.58,"95","color burst silk"
"22245",2021-03-15,117.59,"490",NA
"22244",2021-03-15,366.28,"139",NA
"22243",2021-03-15,380.13,"349","maria dora llc"
"22242",2021-03-15,135.88,"431",NA
"22241",2021-03-13,112.11,"257",NA
"22240",2021-03-12,38.06,"384",NA
"22239",2021-03-12,131.51,"105",NA
"22238",2021-03-11,44.54,"532",NA
"22236",2021-03-10,119.67,"459",NA
"22224",2021-03-10,256.8,"253","saori santa cruz"
"22223",2021-03-10,121.88,"355",NA
"22222",2021-03-10,76.76,"117",NA
"22221",2021-03-10,39.15,"490",NA
"22219",2021-03-09,91.65,"519","klaus and alfred"
"22218",2021-03-08,221.87,"91","do it yarns"
"22206",2021-03-08,464.23,"483","the stitch witch"
"22205",2021-03-08,181.97,"408","treasured forever fiber studio"
"22204",2021-03-08,60.57,"103","backstreetgardens"
"22203",2021-03-07,119.91,"153",NA
"22202",2021-03-07,24.57,"326","the wool farm"
"22201",2021-03-05,55.53,"177",NA
"22200",2021-03-05,89.8,"32",NA
"22198",2021-03-05,61.54,"39",NA
"22197",2021-03-05,39.14,"344",NA
"22195",2021-03-05,63.55,"426",NA
"22192",2021-03-05,196.63,"41",NA
"22191",2021-03-05,189.01,"202","great crochet"
"22190",2021-03-05,52.47,"325","lori's lovelies"
"22189",2021-03-05,103.31,"104",NA
"22164",2021-03-04,62.64,"395",NA
"22163",2021-03-04,568.32,"476",NA
"22149",2021-03-03,180.19,"87",NA
"22148",2021-03-02,1194.26,"476",NA
"22142",2021-03-02,71.24,"293",NA
"22118",2021-03-02,112.75,"253","saori santa cruz"
"22104",2021-03-02,59.5,"444",NA
"22103",2021-03-02,141.76,"146",NA
"22099",2021-03-01,79.96,"289","weaver farm"
"22098",2021-03-01,72.44,"150",NA
"22097",2021-03-01,354.79,"79","cece's wool"
"22096",2021-03-01,124.78,"290",NA
"22095",2021-02-28,20,"92","siddhi soul dba coastal craft supply co."
"22094",2021-02-28,174.8,"497","renaissance"
"22093",2021-02-28,112.14,"157",NA
"22092",2021-02-28,78.07,"282",NA
"22091",2021-02-28,91.99,"445",NA
"22090",2021-02-27,183.93,"315",NA
"22089",2021-02-27,57.36,"102",NA
"22088",2021-02-26,210.35,"482",NA
"22086",2021-02-26,115.06,"290",NA
"22085",2021-02-26,27.27,"246",NA
"22066",2021-02-26,57.33,"487",NA
"22065",2021-02-26,70.29,"106",NA
"22064",2021-02-26,38.06,"150",NA
"22060",2021-02-26,24.54,"496",NA
"22058",2021-02-25,63.81,"246",NA
"22057",2021-02-25,42.38,"523",NA
"22056",2021-02-25,337.72,"237",NA
"22055",2021-02-25,160.61,"482",NA
"22054",2021-02-24,40.02,"76",NA
"22053",2021-02-24,56.97,"174",NA
"22052",2021-02-23,67.05,"431",NA
"22051",2021-02-23,26.19,"62",NA
"22046",2021-02-22,26.99,"276","stones throw custom weaving"
"22045",2021-02-22,65.97,"254",NA
"22035",2021-02-22,223.47,"183",NA
"21959",2021-02-21,135.45,"488",NA
"21958",2021-02-20,97.03,"453",NA
"21957",2021-02-19,87.56,"184",NA
"21943",2021-02-17,44.54,"152",NA
"21942",2021-02-17,112.2,"57",NA
"21941",2021-02-16,52.8,"414",NA
"21938",2021-02-15,30.51,"388","emily keller llc"
"21937",2021-02-15,333.33,"16",NA
"21932",2021-02-15,118.3,"219","hot off the loom"
"21931",2021-02-14,254.08,"91","do it yarns"
"21930",2021-02-14,113.08,"345",NA
"21929",2021-02-14,183.2,"253","saori santa cruz"
"21928",2021-02-14,732.33,"253","saori santa cruz"
"21927",2021-02-14,246.25,"94",NA
"21926",2021-02-14,133.74,"174",NA
"21925",2021-02-13,178.21,"559",NA
"21923",2021-02-13,202.98,"185","frittelli & lockwood"
"21922",2021-02-13,39.07,"532",NA
"21851",2021-02-12,195.62,"397",NA
"21850",2021-02-12,143.24,"514","fiber floozie crafts"
"21849",2021-02-12,73.21,"409",NA
"21848",2021-02-12,37.19,"547",NA
"21847",2021-02-12,270.51,"512","the chunky weft llc"
"21846",2021-02-12,83.97,"297",NA
"21845",2021-02-11,105.85,"479","loom & essence"
"21844",2021-02-11,179.49,"456","seal and associates"
"21843",2021-02-11,64.46,"125","malgorzata's"
"21842",2021-02-11,432.86,"98","mostrom and chase handweavers"
"21841",2021-02-11,316.8,"91","do it yarns"
"21840",2021-02-11,39.12,"133",NA
"21839",2021-02-11,118.44,"207","hard boiled designs"
"21837",2021-02-10,144.58,"428",NA
"21834",2021-02-10,75.66,"456","seal and associates"
"21827",2021-02-09,170.4,"476",NA
"21826",2021-02-09,182.1,"252",NA
"21824",2021-02-09,406.42,"546",NA
"21816",2021-02-09,135.71,"533",NA
"21721",2021-02-09,40.24,"200",NA
"21720",2021-02-08,150.99,"105",NA
"21719",2021-02-08,307.58,"303","laughing spirits"
"21718",2021-02-07,38.06,"9",NA
"21717",2021-02-06,24.03,"138",NA
"21716",2021-02-05,26.19,"417",NA
"21715",2021-02-05,188.4,"35","aella product group"
"21714",2021-02-04,97.58,"136","silver state"
"21713",2021-02-04,440.88,"377","fork mountain handworks"
"21712",2021-02-04,78.5,"335","this here farm"
"21710",2021-02-04,108.27,"435",NA
"21700",2021-02-03,38.06,"431",NA
"21699",2021-02-03,189.85,"476",NA
"21697",2021-02-03,39.16,"417",NA
"21696",2021-02-02,334.05,"301",NA
"21695",2021-02-02,78.92,"292",NA
"21689",2021-02-02,134.96,"174",NA
"21674",2021-02-01,58.42,"6",NA
"21672",2021-01-30,41.98,"197",NA
"21671",2021-01-30,40.24,"69","carol gingrich designs"
"21670",2021-01-30,69.21,"30",NA
"21666",2021-01-29,46.7,"492",NA
"21662",2021-01-29,131.04,"485",NA
"21660",2021-01-28,43.03,"158",NA
"21659",2021-01-28,151.54,"448",NA
"21637",2021-01-28,54.75,"296",NA
"21600",2021-01-27,179.57,"543",NA
"21599",2021-01-27,58.62,"97",NA
"21550",2021-01-27,30.51,"382",NA
"21540",2021-01-26,35.9,"553",NA
"21539",2021-01-26,50.75,"268",NA
"21535",2021-01-25,268.72,"143",NA
"21533",2021-01-25,55.74,"222",NA
"21529",2021-01-25,60.59,"493",NA
"21528",2021-01-25,352.18,"139",NA
"21525",2021-01-24,50.83,"367","mary"
"21524",2021-01-24,24.58,"247",NA
"21523",2021-01-24,180.15,"517","the wandering vine"
"21522",2021-01-24,44.54,"228",NA
"21521",2021-01-23,105.66,"499",NA
"21520",2021-01-22,180.15,"125",NA
"21519",2021-01-22,176.74,"151",NA
"21518",2021-01-22,22.95,"501",NA
"21517",2021-01-22,55.71,"310",NA
"21516",2021-01-22,321.82,"253","saori santa cruz"
"21515",2021-01-22,97.05,"45",NA
"21514",2021-01-22,87.87,"172",NA
"21513",2021-01-22,118.62,"453",NA
"21512",2021-01-22,88.94,"556","tusculum farm"
"21482",2021-01-21,42.4,"433",NA
"21466",2021-01-21,144.56,"126",NA
"21456",2021-01-20,39.14,"250","big crafter"
"21455",2021-01-20,228.72,"139",NA
"21454",2021-01-20,174.74,"139",NA
"21453",2021-01-20,215.12,"551",NA
"21452",2021-01-20,241.76,"139",NA
"21451",2021-01-20,26.2,"354",NA
"21450",2021-01-20,31.58,"338",NA
"21449",2021-01-20,101.35,"81","clsassociates"
"21448",2021-01-20,163.88,"329",NA
"21447",2021-01-20,100.3,"306","lauren"
"21446",2021-01-20,41.08,"90",NA
"21445",2021-01-20,35.9,"206",NA
"21444",2021-01-20,133.73,"324",NA
"21443",2021-01-19,204.54,"160",NA
"21442",2021-01-19,38.06,"55",NA
"21441",2021-01-18,63.81,"403",NA
"21440",2021-01-18,178.07,"198","lovable yarn creations"
"21420",2021-01-17,81.12,"265",NA
"21419",2021-01-17,125.77,"348",NA
"21418",2021-01-17,20,"92","siddhi soul dba coastal craft supply co."
"21417",2021-01-16,147.61,"443",NA
"21416",2021-01-15,76.76,"549","kindred spirit weavers"
"21414",2021-01-15,309.44,"309",NA
"21413",2021-01-14,124.02,"30",NA
"21405",2021-01-14,38,"197","1946"
"21404",2021-01-14,144.6,"493",NA
"21402",2021-01-12,30.51,"388",NA
"21401",2021-01-12,141.32,"235","janell wysock textiles"
"21400",2021-01-12,70.3,"126",NA
"21399",2021-01-11,41.31,"553",NA
"21398",2021-01-11,189.89,"16",NA
"21397",2021-01-11,73.53,"431",NA
"21326",2021-01-11,38,"270",NA
"21324",2021-01-10,42.39,"362","herbloom designs"
"21323",2021-01-09,127.22,"307",NA
"21322",2021-01-08,50.85,"119",NA
"21321",2021-01-08,161.8,"283",NA
"21320",2021-01-08,42.37,"337",NA
"21319",2021-01-08,46.69,"239",NA
"21318",2021-01-07,218.46,"218","left corner design"
"21317",2021-01-07,60.57,"359",NA
"21316",2021-01-07,97.56,"340",NA
"21315",2021-01-07,77.84,"491",NA
"21314",2021-01-07,534.82,"174",NA
"21311",2021-01-06,28.46,"388",NA
"21310",2021-01-06,35.92,"507",NA
"21309",2021-01-06,57.33,"295",NA
"21308",2021-01-06,191.86,"135","mujer woo"
"21307",2021-01-06,202.68,"509","terasadesigns"
"21295",2021-01-06,170.43,"255",NA
"21294",2021-01-05,26.19,"407",NA
"21293",2021-01-04,54.11,"437",NA
"21292",2021-01-04,362.78,"253","saori santa cruz"
"21290",2021-01-03,95.95,"91","do it yarns"
"21289",2021-01-03,272.26,"319",NA
"21288",2021-01-03,1731.52,"394",NA
"21287",2021-01-03,41.08,"484",NA
"21286",2021-01-03,109.44,"38",NA
"21285",2021-01-02,82.46,"91","do it yarns"
"21284",2021-01-02,70.22,"522",NA
"21283",2021-01-02,98.42,"544",NA
"21282",2021-01-02,41.1,"554","o' gosh yarn it!"
"21281",2021-01-01,779.59,"476",NA
"21280",2020-12-31,130.48,"563",NA
"21279",2020-12-31,36.22,"286",NA
"21278",2020-12-31,78.6,"65",NA
"21277",2020-12-31,43.02,"480",NA
"21275",2020-12-31,97.58,"187",NA
"21274",2020-12-31,106.34,"564",NA
"21273",2020-12-31,60.25,"199",NA
"21272",2020-12-30,355.26,"555",NA
"21271",2020-12-30,106.31,"43",NA
"21270",2020-12-29,138.4,"214","weaver house"
"21269",2020-12-29,35.2,"471",NA
"21268",2020-12-29,107.3,"431",NA
"21267",2020-12-29,112.88,"30",NA
"21266",2020-12-28,192.86,"46","bri weaves"
"21264",2020-12-28,65.06,"231","fiber finch/jillsweavings"
"21263",2020-12-27,55.7,"453",NA
"21262",2020-12-26,120.11,"415",NA
"21261",2020-12-26,39.16,"196",NA
"21260",2020-12-26,31.17,"344",NA
"21258",2020-12-26,92.72,"351",NA
"21257",2020-12-26,69.27,"75",NA
"21256",2020-12-26,123.05,"421","queen of hearts creations"
"21255",2020-12-26,82.41,"178",NA
"21235",2020-12-24,39.12,"462",NA
"21187",2020-12-22,85.8,"11",NA
"21186",2020-12-21,45.58,"453",NA
"21184",2020-12-20,119.33,"91","do it yarns"
"21182",2020-12-20,116.57,"186",NA
"21181",2020-12-19,70.32,"57","pangaea world foundation"
"21180",2020-12-18,52.47,"405",NA
"21179",2020-12-18,122.93,"91","do it yarns"
"21178",2020-12-18,121.85,"314",NA
"21177",2020-12-18,166.2,"309",NA
"21176",2020-12-18,87.86,"240",NA
"21175",2020-12-18,126.71,"406","pan's garden yarns"
"21163",2020-12-17,92.64,"552",NA
"21162",2020-12-17,172.94,"167",NA
"21158",2020-12-17,67.96,"42",NA
"21157",2020-12-17,75,"185","frittelli & lockwood"
"21156",2020-12-16,70.28,"171",NA
"21155",2020-12-16,109.22,"142","calicocat, llc"
"21112",2020-12-16,78.04,"439",NA
"21111",2020-12-16,56.63,"179",NA
"21110",2020-12-16,152.92,"234","winston harden studio, llc"
"21109",2020-12-16,238.93,"253","saori santa cruz"
"21108",2020-12-16,36.98,"344",NA
"21090",2020-12-16,11.65,"294",NA
"21089",2020-12-15,104.94,"22",NA
"21088",2020-12-15,42.4,"411",NA
"21011",2020-12-15,85.85,"452",NA
"20898",2020-12-14,586.67,"476",NA
"20896",2020-12-13,112.2,"96",NA
"20895",2020-12-12,87.49,"429",NA
"20894",2020-12-11,110.01,"464",NA
"20835",2020-12-10,62.47,"524",NA
"20824",2020-12-10,64.89,"190",NA
"20823",2020-12-09,40.19,"209",NA
"20822",2020-12-09,58.62,"387",NA
"20821",2020-12-09,138.04,"406","pan's garden yarns"
"20820",2020-12-08,40.22,"541",NA
"20819",2020-12-07,57.18,"24",NA
"20818",2020-12-07,111.72,"34",NA
"20817",2020-12-06,242.85,"253","saori santa cruz"
"20816",2020-12-05,54,"77",NA
"20815",2020-12-05,46.97,"37",NA
"20813",2020-12-05,220.08,"118",NA
"20812",2020-12-04,157.92,"421","queen of hearts creations"
"20811",2020-12-04,34,"344",NA
"20806",2020-12-04,76.14,"53",NA
"20789",2020-12-03,91.39,"251",NA
"20785",2020-12-03,97.94,"93",NA
"20740",2020-12-03,70.29,"515",NA
"20739",2020-12-02,67.38,"388","emily keller llc"
"20737",2020-12-02,53.47,"22",NA
"20735",2020-12-02,34.83,"468",NA
"20734",2020-12-02,31.59,"225",NA
"20732",2020-12-01,22.44,"281",NA
"20731",2020-11-30,63.82,"536",NA
"20730",2020-11-30,224.4,"397",NA
"20729",2020-11-30,63.27,"535","designs by kro-shea"
"20728",2020-11-30,23.6,"67",NA
"20727",2020-11-30,100.48,"91","do it yarns"
"20726",2020-11-30,96.07,"46","bri weaves"
"20723",2020-11-30,92.72,"154",NA
"20722",2020-11-30,50.92,"477",NA
"20721",2020-11-30,292.02,"160",NA
"20720",2020-11-30,88.54,"202","great crochet"
"20719",2020-11-30,53.57,"177",NA
"20718",2020-11-30,245.86,"144",NA
"20712",2020-11-29,110.01,"434","me"
"20709",2020-11-29,43.48,"535","designs by kro-shea"
"20708",2020-11-29,181.13,"333","ready to hand studio"
"20707",2020-11-29,43.48,"535","designs by kro-shea"
"20706",2020-11-28,29.42,"438","bhhs tx realty"
"20705",2020-11-28,466.85,"476",NA
"20704",2020-11-28,125.09,"189",NA
"20703",2020-11-28,66.33,"466",NA
"20702",2020-11-28,177.23,"94","couldn't find code for memorial day 10%, please apply"
"20700",2020-11-27,140.94,"91","do it yarns"
"20699",2020-11-27,34.3,"304",NA
"20698",2020-11-26,101.38,"365",NA
"20697",2020-11-26,50.88,"45",NA
"20695",2020-11-25,55.61,"173",NA
"20683",2020-11-25,312.46,"555",NA
"20682",2020-11-24,27.5,"284",NA
"20681",2020-11-24,43.03,"347","spindleboy"
"20680",2020-11-24,53.75,"128",NA
"20679",2020-11-24,77.09,"398",NA
"20678",2020-11-24,38.03,"502",NA
"20667",2020-11-23,196.33,"223",NA
"20588",2020-11-23,22,"92","siddhi soul dba coastal craft supply co."
"20587",2020-11-21,24.99,"472",NA
"20586",2020-11-21,26.2,"433",NA
"20585",2020-11-21,48.92,"275",NA
"20552",2020-11-18,219.88,"360",NA
"20550",2020-11-17,53.02,"538",NA
"20549",2020-11-17,39.14,"477",NA
"20548",2020-11-17,96.49,"474",NA
"20547",2020-11-17,112.2,"208","harvest moon gems"
"20546",2020-11-16,344.83,"253","saori santa cruz"
"20544",2020-11-14,55.17,"545",NA
"20543",2020-11-14,114.08,"272",NA
"20542",2020-11-13,39.14,"170",NA
"20370",2020-11-13,26.19,"205",NA
"20369",2020-11-13,184.24,"242",NA
"20368",2020-11-12,55.2,"450",NA
"20366",2020-11-12,34,"84",NA
"20364",2020-11-09,42.38,"298",NA
"20356",2020-11-06,128.26,"508","terasadesigns"
"20355",2020-11-06,112.2,"96",NA
"20345",2020-11-05,224.69,"291",NA
"20343",2020-11-04,95.98,"188",NA
"20342",2020-11-04,133.66,"88",NA
"20340",2020-11-02,148.41,"565",NA
"20339",2020-11-02,22,"92","siddhi soul dba coastal craft supply co."
"20338",2020-11-02,104.82,"497","woven style"
"20318",2020-11-02,87,"548","the beginning shop"
"20317",2020-10-31,40.23,"52",NA
"20316",2020-10-31,65.97,"91","do it yarns"
"20315",2020-10-31,72.98,"145",NA
"20314",2020-10-31,330.05,"253","saori santa cruz"
"20313",2020-10-31,545.32,"253","saori santa cruz"
"20312",2020-10-31,41.08,"375",NA
"20307",2020-10-30,147.05,"469",NA
"20284",2020-10-30,39.14,"321",NA
"20283",2020-10-30,36.98,"344",NA
"20282",2020-10-29,50.87,"149",NA
"20281",2020-10-29,176.7,"271",NA
"20275",2020-10-29,155.91,"18",NA
"20274",2020-10-28,51.94,"545",NA
"20272",2020-10-28,95.97,"464",NA
"20271",2020-10-28,248.2,"464",NA
"20270",2020-10-26,68.05,"127","bell"
"20269",2020-10-26,273.68,"235","janell wysock textiles"
"20268",2020-10-25,78.93,"356","village comforts"
"20267",2020-10-23,67.04,"100",NA
"20235",2020-10-22,42.4,"160",NA
"20173",2020-10-21,270.89,"253","saori santa cruz"
"20172",2020-10-21,44.54,"8",NA
"20170",2020-10-21,124.01,"371",NA
"20155",2020-10-21,71.96,"390",NA
"20154",2020-10-21,55.3,"447",NA
"20153",2020-10-20,45.62,"545",NA
"20151",2020-10-19,25.99,"92","siddhi soul dba coastal craft supply co."
"20149",2020-10-18,47.76,"393","sandra elizabeth diaz"
"20148",2020-10-18,76.8,"188",NA
"20147",2020-10-18,52.99,"374",NA
"20146",2020-10-18,71.35,"248","this land clothing co llc"
"20145",2020-10-17,209.27,"370","miss adventure weaving"
"20144",2020-10-17,105.36,"378",NA
"20143",2020-10-17,87.85,"61",NA
"20142",2020-10-17,210.41,"464",NA
"20141",2020-10-17,156.39,"480",NA
"20140",2020-10-16,85.34,"491",NA
"20135",2020-10-16,23.82,"164",NA
"20132",2020-10-16,114.31,"238",NA
"20131",2020-10-15,44.54,"403",NA
"20130",2020-10-15,83.23,"553",NA
"20129",2020-10-15,38,"471",NA
"20128",2020-10-15,38.03,"191",NA
"20127",2020-10-15,44.55,"374",NA
"20121",2020-10-14,428.03,"555",NA
"20120",2020-10-13,130.55,"271",NA
"20119",2020-10-13,68.12,"261",NA
"20118",2020-10-13,65.95,"343",NA
"20117",2020-10-13,39.98,"344",NA
"20107",2020-10-12,21.87,"403",NA
"20097",2020-10-12,39.15,"402",NA
"20092",2020-10-12,155.31,"291",NA
"20034",2020-10-11,35.23,"494",NA
"20033",2020-10-09,267.41,"223",NA
"20032",2020-10-09,70.3,"527",NA
"20031",2020-10-09,177.22,"56",NA
"20030",2020-10-09,76.76,"256",NA
"20029",2020-10-09,56.27,"349","maria dora llc"
"20028",2020-10-09,68.98,"46","bri weaves"
"20023",2020-10-09,26.2,"542",NA
"20021",2020-10-09,199.1,"165",NA
"20020",2020-10-09,146.68,"315",NA
"20018",2020-10-09,76.78,"356","village comforts"
"20017",2020-10-09,231.95,"453",NA
"20016",2020-10-09,156.29,"406","pan's garden yarns"
"20015",2020-10-08,76.76,"553",NA
"20013",2020-10-08,68.14,"464",NA
"20012",2020-10-08,76.7,"446",NA
"20008",2020-10-06,305.47,"555",NA
"20007",2020-10-06,60.57,"457",NA
"20006",2020-10-04,97.94,"302",NA
"20005",2020-10-04,118.89,"46","bri weaves"
"19974",2020-10-01,93.8,"182",NA
"19973",2020-10-01,26.19,"280",NA
"19972",2020-10-01,35.23,"280",NA
"19971",2020-10-01,183.09,"170",NA
"19970",2020-10-01,39.14,"547",NA
"19968",2020-09-30,24,"489",NA
"19967",2020-09-30,55.18,"403",NA
"19937",2020-09-29,103.51,"141",NA
"19936",2020-09-28,197.76,"308","the quilted canvas"
"19935",2020-09-28,29.43,"120",NA
"19933",2020-09-27,31.59,"562",NA
"19931",2020-09-25,38,"54","jody’s quilting innovations"
"19930",2020-09-25,22,"489",NA
"19929",2020-09-25,76.8,"108","crochetcakes"
"19917",2020-09-24,38,"139",NA
"19916",2020-09-23,126.16,"371",NA
"19908",2020-09-22,112.14,"368",NA
"19907",2020-09-22,242.83,"253","saori santa cruz"
"19904",2020-09-20,54,"322",NA
"19903",2020-09-20,38.94,"430",NA
"19902",2020-09-19,56.25,"193",NA
"19901",2020-09-18,40.23,"379",NA
"19900",2020-09-17,110.54,"342",NA
"19899",2020-09-17,104.94,"109",NA
"19890",2020-09-16,56.68,"3",NA
"19888",2020-09-15,38.06,"341",NA
"19887",2020-09-15,126.21,"498","sylvie mack"
"19886",2020-09-14,82.16,"241",NA
"19885",2020-09-14,248.28,"4","knotted up"
"19845",2020-09-14,60.6,"470","year"
"19844",2020-09-13,64.89,"178",NA
"19843",2020-09-13,75.93,"479",NA
"19842",2020-09-12,62.75,"86",NA
"19841",2020-09-11,119.69,"141",NA
"19840",2020-09-10,160.31,"235","janell wysock textiles"
"19839",2020-09-08,60.57,"241",NA
"19838",2020-09-08,95.95,"463",NA
"19837",2020-09-08,94.92,"180","individual"
"19836",2020-09-08,141.26,"436",NA
"19834",2020-09-07,56.95,"386",NA
"19833",2020-09-07,81.82,"510","my hook to yours"
"19832",2020-09-07,35.7,"419",NA
"19831",2020-09-07,33.8,"270",NA
"19830",2020-09-07,133.52,"454",NA
"19829",2020-09-05,62.46,"232",NA
"19828",2020-09-05,159.04,"278",NA
"19827",2020-09-05,114.38,"46","bri weaves"
"19826",2020-09-05,92.71,"266",NA
"19825",2020-09-05,365.94,"209",NA
"19824",2020-09-05,119.17,"361",NA
"19823",2020-09-04,56.96,"339","m.i.a. crochet"
"19822",2020-09-04,51.34,"171",NA
"19821",2020-09-04,99.19,"315",NA
"19820",2020-09-04,143.45,"421","queen of hearts creations"
"19819",2020-09-04,114.05,"511",NA
"19818",2020-09-04,83.81,"442",NA
"19817",2020-09-04,52.36,"518",NA
"19816",2020-09-04,213.18,"436",NA
"19815",2020-09-04,434.64,"436",NA
"19814",2020-09-04,248.95,"223",NA
"19813",2020-09-04,153.36,"202","great crochet"
"19812",2020-09-04,67.08,"412",NA
"19811",2020-09-04,33.8,"506",NA
"19810",2020-09-04,220.84,"235","janell wysock textiles"
"19809",2020-09-04,76.17,"525","cozy cove gifts"
"19768",2020-09-01,601.28,"235","janell wysock textiles"
"19767",2020-09-01,65.97,"339","m.i.a. crochet"
"19765",2020-08-31,99,"454","griot"
"19764",2020-08-31,56.25,"193",NA
"19763",2020-08-31,99.18,"20",NA
"19762",2020-08-31,33.74,"132",NA
"19729",2020-08-30,240.32,"142","calicocat, llc"
"19728",2020-08-29,56.89,"313",NA
"19727",2020-08-29,34.28,"110",NA
"19726",2020-08-28,115.07,"192",NA
"19633",2020-08-28,132.88,"530","crazy t's knotty yarn"
"19632",2020-08-28,42.3,"383","poetry in loops"
"19631",2020-08-28,57.12,"525",NA
"19627",2020-08-28,75.68,"342",NA
"19626",2020-08-28,35.23,"279",NA
"19625",2020-08-27,64.89,"552",NA
"19624",2020-08-27,53.99,"95",NA
"19619",2020-08-25,26.2,"467",NA
"19618",2020-08-25,26.2,"467",NA
"19617",2020-08-25,55.74,"156",NA
"19615",2020-08-24,188.78,"149",NA
"19602",2020-08-24,76.76,"248",NA
"19590",2020-08-23,60.97,"99","your daily fiber"
"19589",2020-08-21,175.66,"385",NA
"19588",2020-08-21,68.12,"216",NA
"19587",2020-08-21,70.3,"339","m.i.a. crochet"
"19558",2020-08-20,44.46,"173",NA
"19557",2020-08-20,105.19,"479",NA
"19554",2020-08-19,46.7,"40",NA
"19479",2020-08-18,54.11,"53",NA
"19478",2020-08-17,31.5,"465",NA
"19477",2020-08-17,76.78,"503",NA
"19476",2020-08-17,139.12,"510",NA
"19474",2020-08-16,92.72,"233",NA
"19473",2020-08-16,41.08,"53",NA
"19472",2020-08-16,74.16,"53",NA
"19471",2020-08-15,55.71,"424",NA
"19470",2020-08-15,70.28,"203",NA
"19469",2020-08-15,193.73,"560",NA
"19467",2020-08-15,25.54,"467",NA
"19466",2020-08-14,60.11,"561",NA
"19465",2020-08-14,50.88,"344",NA
"19463",2020-08-14,41.08,"440",NA
"19462",2020-08-14,170.29,"236","winston harden studio, llc"
"19461",2020-08-14,91.26,"114","none"
"19460",2020-08-14,96.28,"557",NA
"19459",2020-08-13,25.54,"137",NA
"19458",2020-08-13,187.89,"223",NA
"19451",2020-08-13,43.46,"363",NA
"19450",2020-08-13,40.24,"189",NA
"19449",2020-08-12,37.11,"477",NA
"19413",2020-08-12,151,"504",NA
"19412",2020-08-11,54.09,"381",NA
"19410",2020-08-09,221.76,"1",NA
"19409",2020-08-07,339.63,"237","ms."
"19408",2020-08-06,122.86,"503",NA
"19407",2020-08-06,46.17,"358",NA
"19406",2020-08-06,41.26,"171",NA
"19405",2020-08-06,87.57,"379",NA
"19404",2020-08-05,96,"311",NA
"19403",2020-08-05,39.98,"358",NA
"19393",2020-08-04,1618.69,"235","janell wysock textiles"
"19392",2020-08-03,317.24,"346",NA
"19390",2020-08-03,72.44,"336",NA
"19388",2020-08-02,306.8,"79","cece's wool"
"19387",2020-08-02,205.94,"378",NA
"19386",2020-08-01,34.17,"516","the rustic petal"
"19385",2020-08-01,55.19,"210",NA
"19384",2020-07-30,91.63,"458",NA
"19383",2020-07-30,28.35,"531","kmr massage"
"19382",2020-07-29,190.66,"59",NA
"19381",2020-07-29,27.23,"486",NA
"19380",2020-07-28,40.22,"134","barker"
"19379",2020-07-28,22,"17","marcia reisz"
"19335",2020-07-27,38.18,"232",NA
"19334",2020-07-27,24.57,"300",NA
"19333",2020-07-27,68.12,"424",NA
"19326",2020-07-25,56.68,"168",NA
"19325",2020-07-25,83.27,"330",NA
"19324",2020-07-25,67.05,"148",NA
"19323",2020-07-24,63.8,"498",NA
"19322",2020-07-24,50.86,"353",NA
"19321",2020-07-23,29.43,"357",NA
"19320",2020-07-23,70.96,"231","fiber finch/jillsweavings"
"19319",2020-07-22,92.72,"398",NA
"19318",2020-07-22,70.29,"223",NA
"19317",2020-07-22,161.75,"389",NA
"19316",2020-07-22,50.86,"399",NA
"19315",2020-07-22,114.34,"421","queen of hearts creations"
"19314",2020-07-22,50.86,"376",NA
"19313",2020-07-22,112.15,"334",NA
"19304",2020-07-19,61.65,"178",NA
"19303",2020-07-19,19.72,"115",NA
"19301",2020-07-18,36.99,"112","dahlia"
"19294",2020-07-18,63.8,"201",NA
"19292",2020-07-16,358.63,"253","saori santa cruz"
"19291",2020-07-16,119.72,"212",NA
"19290",2020-07-15,65.95,"227",NA
"19289",2020-07-14,26.51,"194",NA
"19275",2020-07-13,132.42,"181",NA
"19274",2020-07-12,66,"15",NA
"19273",2020-07-12,34,"113",NA
"19272",2020-07-11,77.95,"25",NA
"19271",2020-07-10,96,"70","carya creek"
"19270",2020-07-10,222.01,"552",NA
"19268",2020-07-10,55.19,"441",NA
"19267",2020-07-10,46.97,"404",NA
"19266",2020-07-09,39.14,"159",NA
"19265",2020-07-09,167.05,"71","ornaments by milling"
"19264",2020-07-09,116.37,"248","this land clothing co"
"19263",2020-07-08,37.65,"189",NA
"19262",2020-07-08,109.19,"520",NA
"19261",2020-07-08,101.32,"20",NA
"19260",2020-07-07,113.2,"221",NA
"19259",2020-07-07,42.38,"372",NA
"19252",2020-07-07,147.22,"476",NA
"19251",2020-07-06,66.38,"400",NA
"19250",2020-07-06,26.51,"147",NA
"19249",2020-07-05,69.6,"89",NA
"19248",2020-07-05,101.34,"91","do it yarns"
"19247",2020-07-05,69.29,"224",NA
"19246",2020-07-05,87.9,"85",NA
"19245",2020-07-04,102.71,"174",NA
"19244",2020-07-04,96.41,"428",NA
"19243",2020-07-03,89.83,"31",NA
"19242",2020-07-03,287,"94","couldn't find code for memorial day 10%, please apply"
"19239",2020-07-02,67.78,"344",NA
"19238",2020-07-02,162.66,"312",NA
"19237",2020-07-02,38.18,"366",NA
"19236",2020-07-02,97.56,"421","queen of hearts creations"
"19235",2020-07-02,61.53,"155",NA
"19230",2020-07-01,106.33,"114",NA
"19228",2020-07-01,97.94,"64",NA
"19227",2020-07-01,97.94,"64",NA
"19226",2020-07-01,141.29,"336",NA
"19225",2020-07-01,106.33,"114",NA
"19222",2020-06-30,24.58,"166",NA
"19206",2020-06-26,24,"380",NA
"19137",2020-06-25,29.43,"37",NA
"19136",2020-06-23,57.33,"373",NA
"19135",2020-06-22,91.66,"178",NA
"19134",2020-06-21,94.15,"91","do it yarns"
"19133",2020-06-20,138.39,"21",NA
"19132",2020-06-20,289.91,"559",NA
"19131",2020-06-20,39.14,"323",NA
"19130",2020-06-20,49.83,"505",NA
"19129",2020-06-19,101.4,"116",NA
"19128",2020-06-19,131.5,"202","great crochet"
"19127",2020-06-19,37.19,"134","barker"
"19071",2020-06-19,14.32,"467",NA
"19069",2020-06-19,45.68,"141",NA
"19068",2020-06-19,46.56,"244",NA
"19067",2020-06-19,110.61,"514","theessentialblossom"
"19066",2020-06-19,40.04,"477",NA
"19061",2020-06-18,161.81,"175",NA
"19060",2020-06-17,21.34,"14",NA
"19059",2020-06-17,37.8,"213","vinty llc"
"19058",2020-06-17,148.62,"103",NA
"19057",2020-06-17,130.42,"2",NA
"19042",2020-06-17,40.38,"58",NA
"19041",2020-06-15,170.36,"476",NA
"19040",2020-06-14,54,"479",NA
"19039",2020-06-14,54,"479",NA
"19038",2020-06-14,60.45,"418",NA
"19037",2020-06-13,186.36,"13",NA
"19026",2020-06-12,54,"535","croshea blankets and more"
"18998",2020-06-12,315.66,"253","saori santa cruz"
"18997",2020-06-12,133.69,"327","lorraine handmade"
"18996",2020-06-11,53.01,"114",NA
"18994",2020-06-11,42.54,"128",NA
"18993",2020-06-11,70.3,"140",NA
"18992",2020-06-11,37.14,"159",NA
"18991",2020-06-11,108.86,"110",NA
"18990",2020-06-11,24.19,"344",NA
"18988",2020-06-10,59.46,"401",NA
"18983",2020-06-10,20,"197","1946"
"18982",2020-06-09,110,"476",NA
"18872",2020-06-08,22.58,"130",NA
"18784",2020-06-08,16,"468",NA
"18783",2020-06-08,16,"468",NA
"18697",2020-06-07,40.38,"5",NA
"18696",2020-06-06,27.33,"36","ms."
"18686",2020-06-05,261.35,"552",NA
"18685",2020-06-05,72.46,"47",NA
"18684",2020-06-05,96.18,"49",NA
"18683",2020-06-05,53.11,"197","1946"
"18668",2020-06-04,62.68,"48",NA
"18666",2020-06-04,33.9,"1",NA
"18665",2020-06-03,36,"26",NA
"18664",2020-06-01,71.36,"171",NA
"18663",2020-06-01,31.74,"369","1955"
"18662",2020-05-31,83.22,"432",NA
"18661",2020-05-31,26.14,"130",NA
"18660",2020-05-29,370.88,"253","saori santa cruz"
"18659",2020-05-28,90.26,"28",NA
"18658",2020-05-28,50.85,"259",NA
"18654",2020-05-28,87.33,"178",NA
"18643",2020-05-26,79.01,"269",NA
"18642",2020-05-26,127.23,"123",NA
"18641",2020-05-26,175.7,"50","bluestockinette"
"18640",2020-05-26,34.98,"91","do it yarns"
"18639",2020-05-25,31.3,"461",NA
"18638",2020-05-25,54.27,"320",NA
"18633",2020-05-25,89.67,"534",NA
"18628",2020-05-25,50.87,"481",NA
"18627",2020-05-25,23.54,"220",NA
"18626",2020-05-25,118.82,"413",NA
"18625",2020-05-25,34.72,"539",NA
"18624",2020-05-24,49.8,"305",NA
"18623",2020-05-24,102.33,"517","the wandering vine"
"18613",2020-05-23,64.4,"248","j reehorst designs"
"18612",2020-05-23,99.16,"202","great crochet"
"18611",2020-05-23,165.58,"455",NA
"18610",2020-05-23,34.98,"396","nnbostonpost"
"18605",2020-05-22,54.09,"460",NA
"18604",2020-05-22,44.71,"37",NA
"18603",2020-05-21,51.96,"249",NA
"18602",2020-05-21,60.57,"169",NA
"18582",2020-05-20,210.16,"217",NA
"18581",2020-05-20,55.19,"78",NA
"18580",2020-05-20,109.14,"209",NA
"18558",2020-05-18,82.15,"529",NA
"18557",2020-05-17,22.99,"121",NA
"18556",2020-05-17,109.14,"161",NA
"18555",2020-05-17,404,"540","violet’s yarn shop"
"18554",2020-05-17,41.47,"449",NA
"18551",2020-05-15,211.2,"217",NA
"18550",2020-05-14,176.88,"500",NA
"18549",2020-05-14,60.57,"169",NA
"18548",2020-05-14,111.28,"209",NA
"18547",2020-05-14,213.64,"209",NA
"18546",2020-05-12,83.22,"260",NA
"18545",2020-05-12,101.94,"60",NA
"18544",2020-05-12,220.1,"428",NA
"18543",2020-05-12,109.2,"245","armor guard holsters, llc"
"18541",2020-05-12,60.6,"82",NA
"18540",2020-05-12,69.15,"122",NA
"18539",2020-05-11,43.61,"1",NA
"18538",2020-05-11,159.63,"72",NA
"18537",2020-05-11,32.82,"12",NA
"18536",2020-05-11,104.7,"550",NA
"18535",2020-05-10,20.6,"129",NA
"18534",2020-05-10,34.99,"178",NA
"18533",2020-05-10,97.43,"131",NA
"18532",2020-05-10,99.48,"175",NA
"18531",2020-05-10,37.67,"91","do it yarns"
"18530",2020-05-09,158.75,"73",NA
"18529",2020-05-09,476.98,"521",NA
"18528",2020-05-08,334.72,"327","lorraine handmade"
"18527",2020-05-08,133.4,"423","the foldout cat"
"18526",2020-05-08,20.6,"163",NA
"18525",2020-05-08,49.88,"171",NA
"18524",2020-05-07,37.05,"264",NA
"18523",2020-05-07,37.14,"422",NA
"18522",2020-05-07,94.59,"107","hold for pickup"
"18521",2020-05-07,65.96,"116",NA
"18520",2020-05-07,36.8,"162",NA
"18519",2020-05-07,50.87,"204",NA
"18516",2020-05-07,93.58,"65",NA
"18515",2020-05-07,77.07,"410",NA
"18514",2020-05-07,37.16,"366",NA
"18513",2020-05-07,37.05,"202","great crochet"
"18511",2020-05-06,73.51,"101",NA
"18508",2020-05-05,280.61,"253","saori santa cruz"
"18507",2020-05-05,86.48,"178",NA
"18506",2020-05-05,36,"195",NA
"18505",2020-05-04,29.49,"545",NA
"18504",2020-05-04,212.54,"209",NA
"18503",2020-05-04,54.43,"451",NA
"18502",2020-05-02,198.39,"392","n/a"
"18501",2020-05-02,117.76,"318",NA
"18500",2020-05-01,38.24,"130",NA
"18499",2020-05-01,157.3,"482",NA
"18498",2020-05-01,53.04,"72",NA
"18496",2020-04-30,60.58,"83",NA
"18495",2020-04-30,44.7,"263",NA
"18494",2020-04-30,109.7,"391",NA
"18493",2020-04-30,54.1,"178",NA
"18492",2020-04-30,36,"197","1946"
"18491",2020-04-29,84.9,"495",NA
"18490",2020-04-29,267.7,"46","bri weaves"
"18488",2020-04-27,39.27,"80",NA
"18486",2020-04-27,35.98,"23",NA
"18485",2020-04-27,54,"489",NA
"18484",2020-04-26,40.26,"285",NA
"18483",2020-04-26,177.98,"299",NA
"18482",2020-04-26,60.44,"229",NA
"18481",2020-04-26,81.94,"131",NA
"18480",2020-04-25,40.38,"478",NA
"18479",2020-04-25,279.92,"253","saori santa cruz"
"18478",2020-04-24,42.54,"63",NA
"18477",2020-04-24,64.9,"66",NA
"18476",2020-04-24,154.21,"274",NA
"18475",2020-04-24,103.75,"111",NA
"18474",2020-04-23,31.75,"427",NA
"18473",2020-04-23,67.06,"473",NA
"18472",2020-04-23,136.4,"287",NA
"18471",2020-04-22,155.31,"482",NA
"18470",2020-04-22,22.03,"475",NA
"18469",2020-04-21,43.61,"317",NA
"18467",2020-04-21,163.95,"513",NA
"18466",2020-04-21,160.31,"229",NA
"18465",2020-04-21,40.4,"537",NA
"18464",2020-04-21,25.27,"258",NA
"18463",2020-04-20,38.19,"171",NA
"18461",2020-04-19,286.8,"253","saori santa cruz"
"18459",2020-04-18,43.61,"7",NA
"18458",2020-04-18,51.96,"273",NA
"18457",2020-04-18,55.19,"350",NA
"18455",2020-04-18,81.08,"68",NA
"18454",2020-04-18,239.2,"68",NA
"18453",2020-04-17,105.88,"425",NA
"18451",2020-04-17,44.7,"528","interlacements yarns llc"
"18450",2020-04-17,63.81,"558",NA
"18449",2020-04-17,70.28,"478",NA
"18448",2020-04-17,24.19,"230",NA
"18447",2020-04-17,32.82,"12",NA
"18446",2020-04-16,36,"51",NA
"18444",2020-04-16,72.45,"211",NA
"18443",2020-04-16,76.78,"124",NA
"18441",2020-04-16,33.92,"19",NA
"18440",2020-04-15,270.36,"44",NA
"18439",2020-04-15,37.98,"91","do it yarns"
"18438",2020-04-15,44.7,"352",NA
"18436",2020-04-14,24.2,"277",NA
"18435",2020-04-14,40.29,"10",NA
"18434",2020-04-14,118.92,"74",NA
"18433",2020-04-14,117,"29",NA
"18432",2020-04-13,56.28,"176",NA
"18430",2020-04-13,67.32,"526",NA
"18429",2020-04-13,442.03,"111",NA
"18428",2020-04-12,40.38,"243",NA
"18427",2020-04-12,40.38,"243",NA
"18426",2020-04-11,29.6,"344",NA
"18425",2020-04-11,40.4,"537",NA
"18423",2020-04-11,88.93,"328","love yarn shop"
"18422",2020-04-11,60.57,"1",NA
"18421",2020-04-11,23.66,"226",NA
"18420",2020-04-11,87.55,"421","queen of hearts creations"
"18419",2020-04-11,128.29,"420",NA
"18418",2020-04-11,178.3,"243",NA
"18417",2020-04-11,147.97,"29",NA
"18411",2020-03-23,351.9,"253","saori santa cruz"
"18410",2020-03-23,79.66,"545",NA
"18407",2020-03-22,95.5,"335","this here farm"
"18409",2020-03-22,97.78,"316",NA
"18408",2020-03-22,36.06,"288",NA
